版本,U阈值,估值窗口,卖出线,回补线,均线组,累计本金,期末价值,XIRR,TWR年化,最大回撤,Calmar
graded,—,10,20,53,短40/80/160,174927.854888935,369963.823432553,0.11912139986676873,0.12033941028453343,-0.26595560426112475,0.45247931743667974
planc,0.00,10,20,53,短40/80/160,174927.854888935,356612.34188280685,0.11386335823967364,0.11466380898084783,-0.3108693640386455,0.3688488550019791
planc,0.33,10,20,53,短40/80/160,174779.44201492562,384455.0492707585,0.12471745474654627,0.1274156064427363,-0.28812311194489115,0.44222626079058486
planc,0.67,10,20,53,短40/80/160,174779.44201492562,366414.63480852643,0.11789271420818681,0.11760782795837255,-0.26595833965016824,0.4422039486074004
graded,—,10,20,53,中60/120/240,175100.0801780395,353050.2666128339,0.11224427189440689,0.11355751496774258,-0.3152353308903486,0.3602309254074138
planc,0.00,10,20,53,中60/120/240,175100.0801780395,281963.5907862658,0.07894112920253116,0.0740211574745977,-0.46058109218826593,0.16071254059283224
planc,0.33,10,20,53,中60/120/240,174779.44201492562,363097.683254355,0.11659328882333087,0.1178259090242666,-0.2935415896756357,0.4013942595134971
planc,0.67,10,20,53,中60/120/240,174779.44201492562,427924.9494197648,0.13968687523094492,0.1434831562693497,-0.2659195906394405,0.5395734700265016
graded,—,10,20,53,长80/160/320,175100.0801780395,338385.356965017,0.10610490837580688,0.10647806651079139,-0.3303390888018032,0.3223296004629839
planc,0.00,10,20,53,长80/160/320,175100.0801780395,281963.5907862658,0.07894112920253116,0.0740211574745977,-0.46058109218826593,0.16071254059283224
planc,0.33,10,20,53,长80/160/320,174927.854888935,356612.34188280685,0.11386335823967364,0.11466380898084783,-0.3108693640386455,0.3688488550019791
planc,0.67,10,20,53,长80/160/320,174779.44201492562,384455.0492707585,0.12471745474654627,0.1274156064427363,-0.28812311194489115,0.44222626079058486
graded,—,10,20,58,短40/80/160,174861.92318669197,362895.2515014686,0.1164377528292303,0.11787280175652115,-0.2933470201877053,0.4018203480679549
planc,0.00,10,20,58,短40/80/160,174861.92318669197,346575.0255242962,0.10981926087324967,0.11054634979925915,-0.3131834483338759,0.35297634784776
planc,0.33,10,20,58,短40/80/160,174636.75670105757,378660.3461282858,0.12271393371838635,0.12570211130335074,-0.3176340866722659,0.39574503045402015
planc,0.67,10,20,58,短40/80/160,174636.75670105757,360869.01492012077,0.11585809507849854,0.11590924865976127,-0.26596276913593886,0.43581005355120866
graded,—,10,20,58,中60/120/240,175100.0801780395,349389.0924928228,0.11074145293991366,0.11226881081318463,-0.33553895828088043,0.33459247590321284
planc,0.00,10,20,58,中60/120/240,175100.0801780395,281963.5907862658,0.07894112920253116,0.0740211574745977,-0.46058109218826593,0.16071254059283224
planc,0.33,10,20,58,中60/120/240,174636.75670105757,357715.01514735905,0.11459955827530732,0.1161269621687877,-0.3131738828968853,0.3708066620837068
planc,0.67,10,20,58,中60/120/240,174636.75670105757,421227.6307844574,0.13764608242913134,0.14174530705067578,-0.2775662600870229,0.5106719635384921
graded,—,10,20,58,长80/160/320,175100.0801780395,333524.8162372289,0.10399691387100274,0.10443872081058725,-0.34890008085819646,0.2993370496037068
planc,0.00,10,20,58,长80/160/320,175100.0801780395,281963.5907862658,0.07894112920253116,0.0740211574745977,-0.46058109218826593,0.16071254059283224
planc,0.33,10,20,58,长80/160/320,174861.92318669197,346575.0255242962,0.10981926087324967,0.11054634979925915,-0.3131834483338759,0.35297634784776
planc,0.67,10,20,58,长80/160/320,174636.75670105757,378660.3461282858,0.12271393371838635,0.12570211130335074,-0.3176340866722659,0.39574503045402015
graded,—,10,20,63,短40/80/160,173203.67895417727,310861.53856788715,0.0958500479111225,0.09185523725219658,-0.30471257295263343,0.3014487927496027
planc,0.00,10,20,63,短40/80/160,173203.67895417727,308605.5051934789,0.09476526452918621,0.09106116842290479,-0.3771241085764281,0.24146207137656464
planc,0.33,10,20,63,短40/80/160,173203.67895417727,316982.64338470827,0.09874377932073963,0.09630173233352401,-0.33310741482300277,0.2891011368951187
planc,0.67,10,20,63,短40/80/160,173203.67895417727,305554.23132268904,0.09328197887418332,0.08707088663257756,-0.26602078150778474,0.32730858897213466
graded,—,10,20,63,中60/120/240,175100.0801780395,314485.38179670426,0.09535407450700417,0.09332621799378815,-0.33873487950664627,0.27551404841956056
planc,0.00,10,20,63,中60/120/240,175100.0801780395,281963.5907862658,0.07894112920253116,0.0740211574745977,-0.46058109218826593,0.16071254059283224
planc,0.33,10,20,63,中60/120/240,173203.67895417727,307975.6582810276,0.09446061334664846,0.09066532905682889,-0.38002971704205646,0.2385743140365923
planc,0.67,10,20,63,中60/120/240,173203.67895417727,348888.5295847763,0.11276847641418242,0.11251918841570752,-0.27761792610326486,0.4053023160105808
graded,—,10,20,63,长80/160/320,175100.0801780395,304714.72246182966,0.09065883876940262,0.08761534751759359,-0.36921656565782124,0.23730069467899456
planc,0.00,10,20,63,长80/160/320,175100.0801780395,281963.5907862658,0.07894112920253116,0.0740211574745977,-0.46058109218826593,0.16071254059283224
planc,0.33,10,20,63,长80/160/320,173203.67895417727,308605.5051934789,0.09476526452918621,0.09106116842290479,-0.3771241085764281,0.24146207137656464
planc,0.67,10,20,63,长80/160/320,173203.67895417727,316982.64338470827,0.09874377932073963,0.09630173233352401,-0.33310741482300277,0.2891011368951187
graded,—,10,25,53,短40/80/160,174779.44201492562,351532.30329351476,0.11194600278745559,0.1127092447224356,-0.2659706878542073,0.423765662418475
planc,0.00,10,25,53,短40/80/160,174779.44201492562,366390.32879732194,0.11788324465529032,0.11934236796461861,-0.3108693640386455,0.383898774759235
planc,0.33,10,25,53,短40/80/160,174779.44201492562,384455.0492707585,0.12471745474654627,0.1274156064427363,-0.28812311194489115,0.44222626079058486
planc,0.67,10,25,53,短40/80/160,174776.19209146517,309039.6961029054,0.09309050617304926,0.089967972012029,-0.26601616722386634,0.33820490292349903
graded,—,10,25,53,中60/120/240,174927.854888935,362113.761720673,0.11605864947480804,0.11770110366534459,-0.2758525827947801,0.4266811732297901
planc,0.00,10,25,53,中60/120/240,174927.854888935,321622.9708369942,0.09884552701429283,0.09675571457692067,-0.40132933067893706,0.2410880720161595
planc,0.33,10,25,53,中60/120/240,174779.44201492562,363097.683254355,0.11659328882333087,0.1178259090242666,-0.2935415896756357,0.4013942595134971
planc,0.67,10,25,53,中60/120/240,174779.44201492562,403609.2379127471,0.13155145556767922,0.1356950460986568,-0.2659329652972654,0.5102603430416159
graded,—,10,25,53,长80/160/320,175057.22862669302,354524.11290759227,0.11287214398676826,0.1134792238259954,-0.3303390888018032,0.3435234511229177
planc,0.00,10,25,53,长80/160/320,175057.22862669302,314057.2505092109,0.09518281922767813,0.0911200456001271,-0.46058109218826593,0.19783713909576015
planc,0.33,10,25,53,长80/160/320,174779.44201492562,366390.32879732194,0.11788324465529032,0.11934236796461861,-0.3108693640386455,0.383898774759235
planc,0.67,10,25,53,长80/160/320,174779.44201492562,384455.0492707585,0.12471745474654627,0.1274156064427363,-0.28812311194489115,0.44222626079058486
graded,—,10,25,58,短40/80/160,174636.75670105757,346399.6106390241,0.10996945112300172,0.11101805262918885,-0.2820151304100684,0.3936599162880422
planc,0.00,10,25,58,短40/80/160,174636.75670105757,360942.5681482217,0.11588728373504942,0.11764112103366542,-0.3131712716308237,0.3756446765409074
planc,0.33,10,25,58,短40/80/160,174636.75670105757,378660.3461282858,0.12271393371838635,0.12570211130335074,-0.3176340866722659,0.39574503045402015
planc,0.67,10,25,58,短40/80/160,174633.50677759713,304780.8430370946,0.09116993641548177,0.08831125275691343,-0.2660218279608463,0.33196994936036334
graded,—,10,25,58,中60/120/240,174861.92318669197,355271.61727323127,0.11339264209104616,0.1152281649009328,-0.2889298582211193,0.3988101666278747
planc,0.00,10,25,58,中60/120/240,174861.92318669197,313211.32030754484,0.09499962171862764,0.09270419713469824,-0.3994242599965756,0.2320945581409928
planc,0.33,10,25,58,中60/120/240,174636.75670105757,357715.01514735905,0.11459955827530732,0.1161269621687877,-0.3131738828968853,0.3708066620837068
planc,0.67,10,25,58,中60/120/240,174636.75670105757,397474.2709749212,0.12955059629082177,0.13396898096199794,-0.26593669760214433,0.5037626704774035
graded,—,10,25,58,长80/160/320,175035.4918822223,348245.8645533327,0.11031133926676662,0.11114594549664458,-0.3272299739416705,0.3396569823901786
planc,0.00,10,25,58,长80/160/320,175035.4918822223,306795.2727942487,0.09172126826738569,0.08754126074455515,-0.46058109218826593,0.19006698761479338
planc,0.33,10,25,58,长80/160/320,174636.75670105757,360942.5681482217,0.11588728373504942,0.11764112103366542,-0.3131712716308237,0.3756446765409074
planc,0.67,10,25,58,长80/160/320,174636.75670105757,378660.3461282858,0.12271393371838635,0.12570211130335074,-0.3176340866722659,0.39574503045402015
graded,—,10,25,63,短40/80/160,173203.67895417727,302183.8581764286,0.09162151473869196,0.08746122080400798,-0.30471257295263343,0.28702859208111353
planc,0.00,10,25,63,短40/80/160,173203.67895417727,308605.5051934789,0.09476526452918621,0.09106116842290479,-0.3771241085764281,0.24146207137656464
planc,0.33,10,25,63,短40/80/160,173203.67895417727,316982.64338470827,0.09874377932073963,0.09630173233352401,-0.33310741482300277,0.2891011368951187
planc,0.67,10,25,63,短40/80/160,173203.67895417727,281809.9645172047,0.08105239790842822,0.07413197015647843,-0.26605725508938494,0.27863164314603245
graded,—,10,25,63,中60/120/240,173203.67895417727,307066.3522367225,0.09401939196353382,0.0906269071955228,-0.3645043000875924,0.24863055709835152
planc,0.00,10,25,63,中60/120/240,173203.67895417727,281885.18293512956,0.08109321275055403,0.07353108206316028,-0.47463351983462654,0.15492180596258823
planc,0.33,10,25,63,中60/120/240,173203.67895417727,307975.6582810276,0.09446061334664846,0.09066532905682889,-0.38002971704205646,0.2385743140365923
planc,0.67,10,25,63,中60/120/240,173203.67895417727,331234.00905634894,0.10521660232201369,0.10494135063265353,-0.2659902202977076,0.394530861003832
graded,—,10,25,63,长80/160/320,175035.4918822223,313281.71224035526,0.0948318611036102,0.09192954556524913,-0.36921656565782124,0.24898543054659864
planc,0.00,10,25,63,长80/160/320,175035.4918822223,306795.2727942487,0.09172126826738569,0.08754126074455515,-0.46058109218826593,0.19006698761479338
planc,0.33,10,25,63,长80/160/320,173203.67895417727,308605.5051934789,0.09476526452918621,0.09106116842290479,-0.3771241085764281,0.24146207137656464
planc,0.67,10,25,63,长80/160/320,173203.67895417727,316982.64338470827,0.09874377932073963,0.09630173233352401,-0.33310741482300277,0.2891011368951187
graded,—,10,30,53,短40/80/160,174779.44201492562,335755.8796763842,0.10529321670280523,0.10499644283598064,-0.26598556339017276,0.39474489328566276
planc,0.00,10,30,53,短40/80/160,174779.44201492562,366390.32879732194,0.11788324465529032,0.11934236796461861,-0.3108693640386455,0.383898774759235
planc,0.33,10,30,53,短40/80/160,174776.12239964376,335112.4485025234,0.10501738004535144,0.10510533368813801,-0.2659862145561297,0.3951533122253529
planc,0.67,10,30,53,短40/80/160,174773.55047114106,307372.7956386727,0.09228818958981122,0.08892736452225902,-0.26601835346017566,0.3342903351049119
graded,—,10,30,53,中60/120/240,174927.854888935,338038.604200433,0.10613160484533635,0.10614228784872659,-0.2758525827947801,0.3847790249899197
planc,0.00,10,30,53,中60/120/240,174927.854888935,321622.9708369942,0.09884552701429283,0.09675571457692067,-0.40132933067893706,0.2410880720161595
planc,0.33,10,30,53,中60/120/240,174776.19209146517,335313.9470186457,0.10510490803435857,0.10401776487837511,-0.3048525479580051,0.3412068082590015
planc,0.67,10,30,53,中60/120/240,174776.12172556878,351727.5902803293,0.11202971332727152,0.11418564030933198,-0.265970515938331,0.429316910960941
graded,—,10,30,53,长80/160/320,174975.9020497448,344502.5932222352,0.10883710508414535,0.10896024927118875,-0.3092176702470133,0.3523739415802069
planc,0.00,10,30,53,长80/160/320,174975.9020497448,329724.60584745294,0.10245402456960295,0.10054806080827006,-0.42860260372867776,0.23459507696299697
planc,0.33,10,30,53,长80/160/320,174779.44201492562,366390.32879732194,0.11788324465529032,0.11934236796461861,-0.3108693640386455,0.383898774759235
planc,0.67,10,30,53,长80/160/320,174776.12239964376,335112.4485025234,0.10501738004535144,0.10510533368813801,-0.2659862145561297,0.3951533122253529
graded,—,10,30,58,短40/80/160,174636.75670105757,330952.508818291,0.10333741491274673,0.10331694490453236,-0.26599051654312567,0.38842341541820097
planc,0.00,10,30,58,短40/80/160,174636.75670105757,360942.5681482217,0.11588728373504942,0.11764112103366542,-0.3131712716308237,0.3756446765409074
planc,0.33,10,30,58,短40/80/160,174633.43708577572,330343.81439503597,0.10307191698771956,0.10342565660864178,-0.2659911597246629,0.3888311803884814
planc,0.67,10,30,58,短40/80/160,174630.86515727302,303147.1974323646,0.09036974378333673,0.08727222435127446,-0.2660240662149488,0.3280613878022527
graded,—,10,30,58,中60/120/240,174861.92318669197,331714.67050803493,0.10344873662430942,0.10359919283878738,-0.2903047209958045,0.35686361724818316
planc,0.00,10,30,58,中60/120/240,174861.92318669197,313211.32030754484,0.09499962171862764,0.09270419713469824,-0.3994242599965756,0.2320945581409928
planc,0.33,10,30,58,中60/120/240,174633.50677759713,330484.08951474976,0.10313392712329861,0.10233976161131042,-0.3131989901332982,0.32675635884954285
planc,0.67,10,30,58,中60/120/240,174633.43641170074,346664.66735778225,0.11008372307475389,0.11249217856749838,-0.2659750650092838,0.4229425738219929
graded,—,10,30,58,长80/160/320,174909.97034750174,338066.0633541445,0.10617023022704164,0.10645900428817279,-0.307018781779801,0.34675078726788433
planc,0.00,10,30,58,长80/160/320,174909.97034750174,320939.58325963764,0.0985585300209103,0.0964825854019411,-0.42860260372867776,0.22510965767025148
planc,0.33,10,30,58,长80/160/320,174636.75670105757,360942.5681482217,0.11588728373504942,0.11764112103366542,-0.3131712716308237,0.3756446765409074
planc,0.67,10,30,58,长80/160/320,174633.43708577572,330343.81439503597,0.10307191698771956,0.10342565660864178,-0.2659911597246629,0.3888311803884814
graded,—,10,30,63,短40/80/160,173203.67895417727,299374.38463575527,0.09021923978673241,0.08599220395891005,-0.30471257295263343,0.2822076001841816
planc,0.00,10,30,63,短40/80/160,173203.67895417727,308605.5051934789,0.09476526452918621,0.09106116842290479,-0.3771241085764281,0.24146207137656464
planc,0.33,10,30,63,短40/80/160,173203.67895417727,307942.31624754367,0.09444446406912343,0.09186335696283576,-0.33310741482300277,0.27577698026220016
planc,0.67,10,30,63,短40/80/160,173203.67895417727,281809.9645172047,0.08105239790842822,0.07413197015647843,-0.26605725508938494,0.27863164314603245
graded,—,10,30,63,中60/120/240,173203.67895417727,304274.98267726967,0.09265449659703784,0.08920617301722134,-0.3645043000875924,0.24473284127453257
planc,0.00,10,30,63,中60/120/240,173203.67895417727,281885.18293512956,0.08109321275055403,0.07353108206316028,-0.47463351983462654,0.15492180596258823
planc,0.33,10,30,63,中60/120/240,173203.67895417727,307975.6582810276,0.09446061334664846,0.09066532905682889,-0.38002971704205646,0.2385743140365923
planc,0.67,10,30,63,中60/120/240,173203.67895417727,321532.64925027575,0.10084945243900989,0.10049850211248801,-0.26600088738568484,0.37781265731933966
graded,—,10,30,63,长80/160/320,173251.72611498705,301875.11776332895,0.09142269538616199,0.0871270807904525,-0.3937883920660633,0.22125355278587228
planc,0.00,10,30,63,长80/160/320,173251.72611498705,288203.35375603766,0.08442618642413013,0.07724337735813891,-0.47113849596488633,0.16395046895912282
planc,0.33,10,30,63,长80/160/320,173203.67895417727,308605.5051934789,0.09476526452918621,0.09106116842290479,-0.3771241085764281,0.24146207137656464
planc,0.67,10,30,63,长80/160/320,173203.67895417727,307942.31624754367,0.09444446406912343,0.09186335696283576,-0.33310741482300277,0.27577698026220016
graded,—,15,20,53,短40/80/160,162186.58981592272,354495.5304843826,0.11919716619168697,0.12034401347953128,-0.2659513559838611,0.45250385370035184
planc,0.00,15,20,53,短40/80/160,162186.58981592272,341144.04893463646,0.11388744621727487,0.1146685656938633,-0.3108693640386455,0.3688641563264766
planc,0.33,15,20,53,短40/80/160,162038.17694191335,368986.7563225881,0.12484349727736943,0.12742005910410992,-0.288119524575452,0.4422472211554045
planc,0.67,15,20,53,短40/80/160,162038.17694191335,350946.34186035604,0.11795688235091994,0.11761246575758921,-0.2659540362877306,0.44222854219195423
graded,—,15,20,53,中60/120/240,162364.60199619224,337588.1688110081,0.11225012866298567,0.11356202688054085,-0.31523377047899426,0.3602470214659571
planc,0.00,15,20,53,中60/120/240,162364.60199619224,266501.4929844395,0.07848562649672475,0.07402690192681738,-0.46058109218826593,0.1607250127770298
planc,0.33,15,20,53,中60/120/240,162038.17694191335,347629.39030618453,0.11664483553263116,0.11783059140420016,-0.2935415896756357,0.4014102108474758
planc,0.67,15,20,53,中60/120/240,162038.17694191335,412456.65647159354,0.13992502575858523,0.1434872020603486,-0.2659160758934589,0.539595816380194
graded,—,15,20,53,长80/160/320,162364.60199619224,322923.25916319096,0.10604276616829467,0.10648274441709682,-0.3303390888018032,0.3223437613856964
planc,0.00,15,20,53,长80/160/320,162364.60199619224,266501.4929844395,0.07848562649672475,0.07402690192681738,-0.46058109218826593,0.1607250127770298
planc,0.33,15,20,53,长80/160/320,162186.58981592272,341144.04893463646,0.11388744621727487,0.1146685656938633,-0.3108693640386455,0.3688641563264766
planc,0.67,15,20,53,长80/160/320,162038.17694191335,368986.7563225881,0.12484349727736943,0.12742005910410992,-0.288119524575452,0.4422472211554045
graded,—,15,20,58,短40/80/160,162118.65119604458,347424.4742154862,0.1164880745364939,0.11787748777045648,-0.2933431725621404,0.40184159304231254
planc,0.00,15,20,58,短40/80/160,162118.65119604458,331104.24823831377,0.10980070060391556,0.11055123144175649,-0.31317947258994305,0.3529964161683902
planc,0.33,15,20,58,短40/80/160,161893.48471041018,363189.5688423034,0.12282303240288905,0.12570662792576237,-0.3176305727201857,0.3957636283220844
planc,0.67,15,20,58,短40/80/160,161893.48471041018,345398.2376341384,0.11590275741660994,0.11591395352106204,-0.2659583787431624,0.4358349380411919
graded,—,15,20,58,中60/120/240,162364.60199619224,333926.99469099694,0.11073129009994342,0.11227347974825541,-0.3355365417135777,0.3346088005046402
planc,0.00,15,20,58,中60/120/240,162364.60199619224,266501.4929844395,0.07848562649672475,0.07402690192681738,-0.46058109218826593,0.1607250127770298
planc,0.33,15,20,58,中60/120/240,161893.48471041018,342244.2378613766,0.11463155678543446,0.11613171073837236,-0.3131700713955229,0.3708263379730883
planc,0.67,15,20,58,中60/120/240,161893.48471041018,405756.85349847475,0.13787133104336113,0.1417494132013586,-0.2775630144029273,0.5106927286630003
graded,—,15,20,58,长80/160/320,162364.60199619224,318062.71843540296,0.10390981985261172,0.10444358031055812,-0.34889757413104694,0.29935312840933886
planc,0.00,15,20,58,长80/160/320,162364.60199619224,266501.4929844395,0.07848562649672475,0.07402690192681738,-0.46058109218826593,0.1607250127770298
planc,0.33,15,20,58,长80/160/320,162118.65119604458,331104.24823831377,0.10980070060391556,0.11055123144175649,-0.31317947258994305,0.3529964161683902
planc,0.67,15,20,58,长80/160/320,161893.48471041018,363189.5688423034,0.12282303240288905,0.12570662792576237,-0.3176305727201857,0.3957636283220844
graded,—,15,20,63,短40/80/160,160460.40696352988,295390.7612819044,0.0956559102835911,0.09186060874732571,-0.30471257295263343,0.3014664208214511
planc,0.00,15,20,63,短40/80/160,160460.40696352988,293134.7279074962,0.09455583635175546,0.09106657676474894,-0.3771241085764281,0.24147641238983097
planc,0.33,15,20,63,短40/80/160,160460.40696352988,301511.8660987256,0.09858919192070104,0.09630701766992589,-0.33310741482300277,0.2891170036581107
planc,0.67,15,20,63,短40/80/160,160460.40696352988,290083.4540367064,0.09305122450204817,0.0870763311111542,-0.2660152464595328,0.3273358661583353
graded,—,15,20,63,中60/120/240,162364.60199619224,299023.2839948782,0.09515550372454473,0.09333132083541895,-0.33873487950664627,0.2755291128311093
planc,0.00,15,20,63,中60/120/240,162364.60199619224,266501.4929844395,0.07848562649672475,0.07402690192681738,-0.46058109218826593,0.1607250127770298
planc,0.33,15,20,63,中60/120/240,160460.40696352988,292504.88099504483,0.09424684466421407,0.09067074692161703,-0.38002971704205646,0.238588570460617
planc,0.67,15,20,63,中60/120/240,160460.40696352988,333417.752298794,0.11278178596343247,0.11252404524925419,-0.2776137815943197,0.4053258617170775
graded,—,15,20,63,长80/160/320,162364.60199619224,289252.6246600036,0.09039313486750344,0.08762058873908152,-0.36921656565782124,0.23731489019993116
planc,0.00,15,20,63,长80/160/320,162364.60199619224,266501.4929844395,0.07848562649672475,0.07402690192681738,-0.46058109218826593,0.1607250127770298
planc,0.33,15,20,63,长80/160/320,160460.40696352988,293134.7279074962,0.09455583635175546,0.09106657676474894,-0.3771241085764281,0.24147641238983097
planc,0.67,15,20,63,长80/160/320,160460.40696352988,301511.8660987256,0.09858919192070104,0.09630701766992589,-0.33310741482300277,0.2891170036581107
graded,—,15,25,53,短40/80/160,162038.17694191335,336064.0103453444,0.1119500903336369,0.11271406391150185,-0.2659661368911087,0.42379103305790017
planc,0.00,15,25,53,短40/80/160,162038.17694191335,350922.0358491515,0.11794732181983203,0.11934701327925445,-0.3108693640386455,0.38391371773906263
planc,0.33,15,25,53,短40/80/160,162038.17694191335,368986.7563225881,0.12484349727736943,0.12742005910410992,-0.288119524575452,0.4422472211554045
planc,0.67,15,25,53,短40/80/160,162034.9270184529,293571.4031547346,0.09286081928853596,0.08997336619134089,-0.2660107187450017,0.3382321081489558
graded,—,15,25,53,中60/120/240,162186.58981592272,346645.46877250256,0.11610487127218183,0.1177057986360539,-0.2758525827947801,0.4266981930838794
planc,0.00,15,25,53,中60/120/240,162186.58981592272,306154.6778888234,0.0986948921382248,0.0967609222021728,-0.40132933067893706,0.24110104795600254
planc,0.33,15,25,53,中60/120/240,162038.17694191335,347629.39030618453,0.11664483553263116,0.11783059140420016,-0.2935415896756357,0.4014102108474758
planc,0.67,15,25,53,中60/120/240,162038.17694191335,388140.9449645767,0.13173247214481842,0.13569931285876136,-0.2659291763033599,0.5102836580216447
graded,—,15,25,53,长80/160/320,162318.23651696852,339058.64697200985,0.11288554321679933,0.11348400853360463,-0.3303390888018032,0.3435379353537321
planc,0.00,15,25,53,长80/160/320,162318.23651696852,298591.78457362804,0.09498278887837597,0.09112535696377111,-0.46058109218826593,0.19784867097089376
planc,0.33,15,25,53,长80/160/320,162038.17694191335,350922.0358491515,0.11794732181983203,0.11934701327925445,-0.3108693640386455,0.38391371773906263
planc,0.67,15,25,53,长80/160/320,162038.17694191335,368986.7563225881,0.12484349727736943,0.12742005910410992,-0.288119524575452,0.4422472211554045
graded,—,15,25,58,短40/80/160,161893.48471041018,330928.8333530417,0.1099525103484581,0.11102293889924097,-0.28201097141957376,0.39368304835935586
planc,0.00,15,25,58,短40/80/160,161893.48471041018,345471.7908622393,0.11593223661838581,0.11764583220683456,-0.31316750519156167,0.3756642380085753
planc,0.33,15,25,58,短40/80/160,161893.48471041018,363189.5688423034,0.12282303240288905,0.12570662792576237,-0.3176305727201857,0.3957636283220844
planc,0.67,15,25,58,短40/80/160,161890.2347869497,289310.065751112,0.0909122677069133,0.08831671782333506,-0.2660162725915184,0.331997426183585
graded,—,15,25,58,中60/120/240,162118.65119604458,339800.8399872488,0.11341221051685124,0.1152329433103434,-0.2889258760942762,0.3988322017677053
planc,0.00,15,25,58,中60/120/240,162118.65119604458,297740.5430215622,0.09479726049264314,0.09270953094974832,-0.3994242599965756,0.2321079118993502
planc,0.33,15,25,58,中60/120/240,161893.48471041018,342244.2378613766,0.11463155678543446,0.11613171073837236,-0.3131700713955229,0.3708263379730883
planc,0.67,15,25,58,中60/120/240,161893.48471041018,382003.4936889388,0.12971675519313963,0.1339733094746498,-0.2659328339804905,0.5037862661384582
graded,—,15,25,58,长80/160/320,162294.49285486265,332777.79710133816,0.11029773994047087,0.11115080969936875,-0.3272299739416705,0.3396718471736994
planc,0.00,15,25,58,长80/160/320,162294.49285486265,291327.2053422539,0.0914722421075157,0.08754668571334712,-0.46058109218826593,0.1900787661460531
planc,0.33,15,25,58,长80/160/320,161893.48471041018,345471.7908622393,0.11593223661838581,0.11764583220683456,-0.31316750519156167,0.3756642380085753
planc,0.67,15,25,58,长80/160/320,161893.48471041018,363189.5688423034,0.12282303240288905,0.12570662792576237,-0.3176305727201857,0.3957636283220844
graded,—,15,25,63,短40/80/160,160460.40696352988,286713.08089044597,0.09136630362859843,0.08746673040081587,-0.30471257295263343,0.2870466733724581
planc,0.00,15,25,63,短40/80/160,160460.40696352988,293134.7279074962,0.09455583635175546,0.09106657676474894,-0.3771241085764281,0.24147641238983097
planc,0.33,15,25,63,短40/80/160,160460.40696352988,301511.8660987256,0.09858919192070104,0.09630701766992589,-0.33310741482300277,0.2891170036581107
planc,0.67,15,25,63,短40/80/160,160460.40696352988,266339.18723122176,0.08062628497076452,0.074137822862127,-0.2660510181033092,0.2786601734910063
graded,—,15,25,63,中60/120/240,160460.40696352988,291595.5749507399,0.09379930074452603,0.0906323415369008,-0.3645043000875924,0.2486454659523121
planc,0.00,15,25,63,中60/120/240,160460.40696352988,266414.40564914665,0.08066781283289959,0.07353692986429894,-0.47463351983462654,0.15493412662873227
planc,0.33,15,25,63,中60/120/240,160460.40696352988,292504.88099504483,0.09424684466421407,0.09067074692161703,-0.38002971704205646,0.238588570460617
planc,0.67,15,25,63,中60/120/240,160460.40696352988,315763.23177036643,0.10514422329699447,0.10494644036625411,-0.2659852837174843,0.39455731873392946
graded,—,15,25,63,长80/160/320,162294.49285486265,297813.64478836063,0.09462715466319438,0.09193487929026589,-0.36921656565782124,0.2489998766075636
planc,0.00,15,25,63,长80/160/320,162294.49285486265,291327.2053422539,0.0914722421075157,0.08754668571334712,-0.46058109218826593,0.1900787661460531
planc,0.33,15,25,63,长80/160/320,160460.40696352988,293134.7279074962,0.09455583635175546,0.09106657676474894,-0.3771241085764281,0.24147641238983097
planc,0.67,15,25,63,长80/160/320,160460.40696352988,301511.8660987256,0.09858919192070104,0.09630701766992589,-0.33310741482300277,0.2891170036581107
graded,—,15,30,53,短40/80/160,162038.17694191335,320287.58672821365,0.10522271889551604,0.10500146112316844,-0.2659807164198007,0.39477095383653044
planc,0.00,15,30,53,短40/80/160,162038.17694191335,350922.0358491515,0.11794732181983203,0.11934701327925445,-0.3108693640386455,0.38391371773906263
planc,0.33,15,30,53,短40/80/160,162034.8573266315,319644.1555543528,0.10494361042269296,0.10511036243647864,-0.26598135468377826,0.3951794386544236
planc,0.67,15,30,53,短40/80/160,162032.2853981288,291904.5026905021,0.09204693312263912,0.08893278391146309,-0.2660128623827315,0.33431760823470713
graded,—,15,30,53,中60/120/240,162186.58981592272,322570.31125226244,0.10607102409357594,0.10614727626615506,-0.2758525827947801,0.38479710862494654
planc,0.00,15,30,53,中60/120/240,162186.58981592272,306154.6778888234,0.0986948921382248,0.0967609222021728,-0.40132933067893706,0.24110104795600254
planc,0.33,15,30,53,中60/120/240,162034.9270184529,319845.654070475,0.10503217753066119,0.10402278555538857,-0.3048525479580051,0.3412232774571338
planc,0.67,15,30,53,中60/120/240,162034.8566525565,336259.29733215884,0.11203468874662803,0.11419046312750702,-0.26596596841055176,0.4293423847040451
graded,—,15,30,53,长80/160/320,162236.9099400203,329037.1272866525,0.108806991631332,0.10896515779830152,-0.3092176702470133,0.3523898155990133
planc,0.00,15,30,53,长80/160/320,162236.9099400203,314259.13991187036,0.102348956268835,0.1005531544214957,-0.42860260372867776,0.23460696119604021
planc,0.33,15,30,53,长80/160/320,162038.17694191335,350922.0358491515,0.11794732181983203,0.11934701327925445,-0.3108693640386455,0.38391371773906263
planc,0.67,15,30,53,长80/160/320,162034.8573266315,319644.1555543528,0.10494361042269296,0.10511036243647864,-0.26598135468377826,0.3951794386544236
graded,—,15,30,58,短40/80/160,161893.48471041018,315481.7315323085,0.10324359996931387,0.10332203162927533,-0.2659855741141084,0.3884497569967834
planc,0.00,15,30,58,短40/80/160,161893.48471041018,345471.7908622393,0.11593223661838581,0.11764583220683456,-0.31316750519156167,0.3756642380085753
planc,0.33,15,30,58,短40/80/160,161890.16509512832,314873.03710905346,0.10297484749341723,0.10343075353628439,-0.26598620460054245,0.38885758639857465
planc,0.67,15,30,58,短40/80/160,161887.59316662562,287676.420146382,0.09010017452075314,0.08727771478965285,-0.26601846741801805,0.3280889317075335
graded,—,15,30,58,中60/120/240,162118.65119604458,316243.89322205243,0.1033564391446079,0.10360426876743545,-0.2903003619518538,0.3568864608739901
planc,0.00,15,30,58,中60/120/240,162118.65119604458,297740.5430215622,0.09479726049264314,0.09270953094974832,-0.3994242599965756,0.2321079118993502
planc,0.33,15,30,58,中60/120/240,161890.2347869497,315013.3122287672,0.10303761837167558,0.10234485128612691,-0.31319475025654475,0.32677703314724776
planc,0.67,15,30,58,中60/120/240,161890.1644210533,331193.89007179975,0.11006803516599428,0.11249706745739729,-0.2659704289257355,0.42296832738803763
graded,—,15,30,58,长80/160/320,162168.97132014213,322597.99590214994,0.1061099466915002,0.10646399881010016,-0.307018781779801,0.34676705507371175
planc,0.00,15,30,58,长80/160/320,162168.97132014213,305471.5158076428,0.09840395348869213,0.09648780497708387,-0.42860260372867776,0.22512183579305653
planc,0.33,15,30,58,长80/160/320,161893.48471041018,345471.7908622393,0.11593223661838581,0.11764583220683456,-0.31316750519156167,0.3756642380085753
planc,0.67,15,30,58,长80/160/320,161890.16509512832,314873.03710905346,0.10297484749341723,0.10343075353628439,-0.26598620460054245,0.38885758639857465
graded,—,15,30,63,短40/80/160,160460.40696352988,283903.6073497726,0.08994288646059545,0.08599775983285807,-0.30471257295263343,0.2822258333469756
planc,0.00,15,30,63,短40/80/160,160460.40696352988,293134.7279074962,0.09455583635175546,0.09106657676474894,-0.3771241085764281,0.24147641238983097
planc,0.33,15,30,63,短40/80/160,160460.40696352988,292471.53896156093,0.09423046473076913,0.09186878138883547,-0.33310741482300277,0.2757932645769837
planc,0.67,15,30,63,短40/80/160,160460.40696352988,266339.18723122176,0.08062628497076452,0.074137822862127,-0.2660510181033092,0.2786601734910063
graded,—,15,30,63,中60/120/240,160460.40696352988,288804.205391287,0.09241457313093815,0.08921165202963399,-0.3645043000875924,0.24474787268132625
planc,0.00,15,30,63,中60/120/240,160460.40696352988,266414.40564914665,0.08066781283289959,0.07353692986429894,-0.47463351983462654,0.15493412662873227
planc,0.33,15,30,63,中60/120/240,160460.40696352988,292504.88099504483,0.09424684466421407,0.09067074692161703,-0.38002971704205646,0.238588570460617
planc,0.67,15,30,63,中60/120/240,160460.40696352988,306061.871964293,0.10072253887588956,0.10050372986325895,-0.2659957407998609,0.3778396208940783
graded,—,15,30,63,长80/160/320,160510.72708762743,286407.05031133426,0.09116421422930843,0.0871325998020458,-0.3937883920660633,0.22126756795672162
planc,0.00,15,30,63,长80/160/320,160510.72708762743,272735.28630404285,0.08405735780380275,0.0772491123737209,-0.47113849596488633,0.1639626416336784
planc,0.33,15,30,63,长80/160/320,160460.40696352988,293134.7279074962,0.09455583635175546,0.09106657676474894,-0.3771241085764281,0.24147641238983097
planc,0.67,15,30,63,长80/160/320,160460.40696352988,292471.53896156093,0.09423046473076913,0.09186878138883547,-0.33310741482300277,0.2757932645769837
graded,—,20,20,53,短40/80/160,162186.58981592272,354495.5304843826,0.11919716619168697,0.12034401347953128,-0.2659513559838611,0.45250385370035184
planc,0.00,20,20,53,短40/80/160,162186.58981592272,341144.04893463646,0.11388744621727487,0.1146685656938633,-0.3108693640386455,0.3688641563264766
planc,0.33,20,20,53,短40/80/160,162038.17694191335,368986.7563225881,0.12484349727736943,0.12742005910410992,-0.288119524575452,0.4422472211554045
planc,0.67,20,20,53,短40/80/160,162038.17694191335,350946.34186035604,0.11795688235091994,0.11761246575758921,-0.2659540362877306,0.44222854219195423
graded,—,20,20,53,中60/120/240,162364.60199619224,337588.1688110081,0.11225012866298567,0.11356202688054085,-0.31523377047899426,0.3602470214659571
planc,0.00,20,20,53,中60/120/240,162364.60199619224,266501.4929844395,0.07848562649672475,0.07402690192681738,-0.46058109218826593,0.1607250127770298
planc,0.33,20,20,53,中60/120/240,162038.17694191335,347629.39030618453,0.11664483553263116,0.11783059140420016,-0.2935415896756357,0.4014102108474758
planc,0.67,20,20,53,中60/120/240,162038.17694191335,412456.65647159354,0.13992502575858523,0.1434872020603486,-0.2659160758934589,0.539595816380194
graded,—,20,20,53,长80/160/320,162364.60199619224,322923.25916319096,0.10604276616829467,0.10648274441709682,-0.3303390888018032,0.3223437613856964
planc,0.00,20,20,53,长80/160/320,162364.60199619224,266501.4929844395,0.07848562649672475,0.07402690192681738,-0.46058109218826593,0.1607250127770298
planc,0.33,20,20,53,长80/160/320,162186.58981592272,341144.04893463646,0.11388744621727487,0.1146685656938633,-0.3108693640386455,0.3688641563264766
planc,0.67,20,20,53,长80/160/320,162038.17694191335,368986.7563225881,0.12484349727736943,0.12742005910410992,-0.288119524575452,0.4422472211554045
graded,—,20,20,58,短40/80/160,162118.65119604458,347424.4742154862,0.1164880745364939,0.11787748777045648,-0.2933431725621404,0.40184159304231254
planc,0.00,20,20,58,短40/80/160,162118.65119604458,331104.24823831377,0.10980070060391556,0.11055123144175649,-0.31317947258994305,0.3529964161683902
planc,0.33,20,20,58,短40/80/160,161893.48471041018,363189.5688423034,0.12282303240288905,0.12570662792576237,-0.3176305727201857,0.3957636283220844
planc,0.67,20,20,58,短40/80/160,161893.48471041018,345398.2376341384,0.11590275741660994,0.11591395352106204,-0.2659583787431624,0.4358349380411919
graded,—,20,20,58,中60/120/240,162364.60199619224,333926.99469099694,0.11073129009994342,0.11227347974825541,-0.3355365417135777,0.3346088005046402
planc,0.00,20,20,58,中60/120/240,162364.60199619224,266501.4929844395,0.07848562649672475,0.07402690192681738,-0.46058109218826593,0.1607250127770298
planc,0.33,20,20,58,中60/120/240,161893.48471041018,342244.2378613766,0.11463155678543446,0.11613171073837236,-0.3131700713955229,0.3708263379730883
planc,0.67,20,20,58,中60/120/240,161893.48471041018,405756.85349847475,0.13787133104336113,0.1417494132013586,-0.2775630144029273,0.5106927286630003
graded,—,20,20,58,长80/160/320,162364.60199619224,318062.71843540296,0.10390981985261172,0.10444358031055812,-0.34889757413104694,0.29935312840933886
planc,0.00,20,20,58,长80/160/320,162364.60199619224,266501.4929844395,0.07848562649672475,0.07402690192681738,-0.46058109218826593,0.1607250127770298
planc,0.33,20,20,58,长80/160/320,162118.65119604458,331104.24823831377,0.10980070060391556,0.11055123144175649,-0.31317947258994305,0.3529964161683902
planc,0.67,20,20,58,长80/160/320,161893.48471041018,363189.5688423034,0.12282303240288905,0.12570662792576237,-0.3176305727201857,0.3957636283220844
graded,—,20,20,63,短40/80/160,160460.40696352988,295390.7612819044,0.0956559102835911,0.09186060874732571,-0.30471257295263343,0.3014664208214511
planc,0.00,20,20,63,短40/80/160,160460.40696352988,293134.7279074962,0.09455583635175546,0.09106657676474894,-0.3771241085764281,0.24147641238983097
planc,0.33,20,20,63,短40/80/160,160460.40696352988,301511.8660987256,0.09858919192070104,0.09630701766992589,-0.33310741482300277,0.2891170036581107
planc,0.67,20,20,63,短40/80/160,160460.40696352988,290083.4540367064,0.09305122450204817,0.0870763311111542,-0.2660152464595328,0.3273358661583353
graded,—,20,20,63,中60/120/240,162364.60199619224,299023.2839948782,0.09515550372454473,0.09333132083541895,-0.33873487950664627,0.2755291128311093
planc,0.00,20,20,63,中60/120/240,162364.60199619224,266501.4929844395,0.07848562649672475,0.07402690192681738,-0.46058109218826593,0.1607250127770298
planc,0.33,20,20,63,中60/120/240,160460.40696352988,292504.88099504483,0.09424684466421407,0.09067074692161703,-0.38002971704205646,0.238588570460617
planc,0.67,20,20,63,中60/120/240,160460.40696352988,333417.752298794,0.11278178596343247,0.11252404524925419,-0.2776137815943197,0.4053258617170775
graded,—,20,20,63,长80/160/320,162364.60199619224,289252.6246600036,0.09039313486750344,0.08762058873908152,-0.36921656565782124,0.23731489019993116
planc,0.00,20,20,63,长80/160/320,162364.60199619224,266501.4929844395,0.07848562649672475,0.07402690192681738,-0.46058109218826593,0.1607250127770298
planc,0.33,20,20,63,长80/160/320,160460.40696352988,293134.7279074962,0.09455583635175546,0.09106657676474894,-0.3771241085764281,0.24147641238983097
planc,0.67,20,20,63,长80/160/320,160460.40696352988,301511.8660987256,0.09858919192070104,0.09630701766992589,-0.33310741482300277,0.2891170036581107
graded,—,20,25,53,短40/80/160,162038.17694191335,336064.0103453444,0.1119500903336369,0.11271406391150185,-0.2659661368911087,0.42379103305790017
planc,0.00,20,25,53,短40/80/160,162038.17694191335,350922.0358491515,0.11794732181983203,0.11934701327925445,-0.3108693640386455,0.38391371773906263
planc,0.33,20,25,53,短40/80/160,162038.17694191335,368986.7563225881,0.12484349727736943,0.12742005910410992,-0.288119524575452,0.4422472211554045
planc,0.67,20,25,53,短40/80/160,162034.9270184529,293571.4031547346,0.09286081928853596,0.08997336619134089,-0.2660107187450017,0.3382321081489558
graded,—,20,25,53,中60/120/240,162186.58981592272,346645.46877250256,0.11610487127218183,0.1177057986360539,-0.2758525827947801,0.4266981930838794
planc,0.00,20,25,53,中60/120/240,162186.58981592272,306154.6778888234,0.0986948921382248,0.0967609222021728,-0.40132933067893706,0.24110104795600254
planc,0.33,20,25,53,中60/120/240,162038.17694191335,347629.39030618453,0.11664483553263116,0.11783059140420016,-0.2935415896756357,0.4014102108474758
planc,0.67,20,25,53,中60/120/240,162038.17694191335,388140.9449645767,0.13173247214481842,0.13569931285876136,-0.2659291763033599,0.5102836580216447
graded,—,20,25,53,长80/160/320,162318.23651696852,339058.64697200985,0.11288554321679933,0.11348400853360463,-0.3303390888018032,0.3435379353537321
planc,0.00,20,25,53,长80/160/320,162318.23651696852,298591.78457362804,0.09498278887837597,0.09112535696377111,-0.46058109218826593,0.19784867097089376
planc,0.33,20,25,53,长80/160/320,162038.17694191335,350922.0358491515,0.11794732181983203,0.11934701327925445,-0.3108693640386455,0.38391371773906263
planc,0.67,20,25,53,长80/160/320,162038.17694191335,368986.7563225881,0.12484349727736943,0.12742005910410992,-0.288119524575452,0.4422472211554045
graded,—,20,25,58,短40/80/160,161893.48471041018,330928.8333530417,0.1099525103484581,0.11102293889924097,-0.28201097141957376,0.39368304835935586
planc,0.00,20,25,58,短40/80/160,161893.48471041018,345471.7908622393,0.11593223661838581,0.11764583220683456,-0.31316750519156167,0.3756642380085753
planc,0.33,20,25,58,短40/80/160,161893.48471041018,363189.5688423034,0.12282303240288905,0.12570662792576237,-0.3176305727201857,0.3957636283220844
planc,0.67,20,25,58,短40/80/160,161890.2347869497,289310.065751112,0.0909122677069133,0.08831671782333506,-0.2660162725915184,0.331997426183585
graded,—,20,25,58,中60/120/240,162118.65119604458,339800.8399872488,0.11341221051685124,0.1152329433103434,-0.2889258760942762,0.3988322017677053
planc,0.00,20,25,58,中60/120/240,162118.65119604458,297740.5430215622,0.09479726049264314,0.09270953094974832,-0.3994242599965756,0.2321079118993502
planc,0.33,20,25,58,中60/120/240,161893.48471041018,342244.2378613766,0.11463155678543446,0.11613171073837236,-0.3131700713955229,0.3708263379730883
planc,0.67,20,25,58,中60/120/240,161893.48471041018,382003.4936889388,0.12971675519313963,0.1339733094746498,-0.2659328339804905,0.5037862661384582
graded,—,20,25,58,长80/160/320,162294.49285486265,332777.79710133816,0.11029773994047087,0.11115080969936875,-0.3272299739416705,0.3396718471736994
planc,0.00,20,25,58,长80/160/320,162294.49285486265,291327.2053422539,0.0914722421075157,0.08754668571334712,-0.46058109218826593,0.1900787661460531
planc,0.33,20,25,58,长80/160/320,161893.48471041018,345471.7908622393,0.11593223661838581,0.11764583220683456,-0.31316750519156167,0.3756642380085753
planc,0.67,20,25,58,长80/160/320,161893.48471041018,363189.5688423034,0.12282303240288905,0.12570662792576237,-0.3176305727201857,0.3957636283220844
graded,—,20,25,63,短40/80/160,160460.40696352988,286713.08089044597,0.09136630362859843,0.08746673040081587,-0.30471257295263343,0.2870466733724581
planc,0.00,20,25,63,短40/80/160,160460.40696352988,293134.7279074962,0.09455583635175546,0.09106657676474894,-0.3771241085764281,0.24147641238983097
planc,0.33,20,25,63,短40/80/160,160460.40696352988,301511.8660987256,0.09858919192070104,0.09630701766992589,-0.33310741482300277,0.2891170036581107
planc,0.67,20,25,63,短40/80/160,160460.40696352988,266339.18723122176,0.08062628497076452,0.074137822862127,-0.2660510181033092,0.2786601734910063
graded,—,20,25,63,中60/120/240,160460.40696352988,291595.5749507399,0.09379930074452603,0.0906323415369008,-0.3645043000875924,0.2486454659523121
planc,0.00,20,25,63,中60/120/240,160460.40696352988,266414.40564914665,0.08066781283289959,0.07353692986429894,-0.47463351983462654,0.15493412662873227
planc,0.33,20,25,63,中60/120/240,160460.40696352988,292504.88099504483,0.09424684466421407,0.09067074692161703,-0.38002971704205646,0.238588570460617
planc,0.67,20,25,63,中60/120/240,160460.40696352988,315763.23177036643,0.10514422329699447,0.10494644036625411,-0.2659852837174843,0.39455731873392946
graded,—,20,25,63,长80/160/320,162294.49285486265,297813.64478836063,0.09462715466319438,0.09193487929026589,-0.36921656565782124,0.2489998766075636
planc,0.00,20,25,63,长80/160/320,162294.49285486265,291327.2053422539,0.0914722421075157,0.08754668571334712,-0.46058109218826593,0.1900787661460531
planc,0.33,20,25,63,长80/160/320,160460.40696352988,293134.7279074962,0.09455583635175546,0.09106657676474894,-0.3771241085764281,0.24147641238983097
planc,0.67,20,25,63,长80/160/320,160460.40696352988,301511.8660987256,0.09858919192070104,0.09630701766992589,-0.33310741482300277,0.2891170036581107
graded,—,20,30,53,短40/80/160,162038.17694191335,320287.58672821365,0.10522271889551604,0.10500146112316844,-0.2659807164198007,0.39477095383653044
planc,0.00,20,30,53,短40/80/160,162038.17694191335,350922.0358491515,0.11794732181983203,0.11934701327925445,-0.3108693640386455,0.38391371773906263
planc,0.33,20,30,53,短40/80/160,162034.8573266315,319644.1555543528,0.10494361042269296,0.10511036243647864,-0.26598135468377826,0.3951794386544236
planc,0.67,20,30,53,短40/80/160,162032.2853981288,291904.5026905021,0.09204693312263912,0.08893278391146309,-0.2660128623827315,0.33431760823470713
graded,—,20,30,53,中60/120/240,162186.58981592272,322570.31125226244,0.10607102409357594,0.10614727626615506,-0.2758525827947801,0.38479710862494654
planc,0.00,20,30,53,中60/120/240,162186.58981592272,306154.6778888234,0.0986948921382248,0.0967609222021728,-0.40132933067893706,0.24110104795600254
planc,0.33,20,30,53,中60/120/240,162034.9270184529,319845.654070475,0.10503217753066119,0.10402278555538857,-0.3048525479580051,0.3412232774571338
planc,0.67,20,30,53,中60/120/240,162034.8566525565,336259.29733215884,0.11203468874662803,0.11419046312750702,-0.26596596841055176,0.4293423847040451
graded,—,20,30,53,长80/160/320,162236.9099400203,329037.1272866525,0.108806991631332,0.10896515779830152,-0.3092176702470133,0.3523898155990133
planc,0.00,20,30,53,长80/160/320,162236.9099400203,314259.13991187036,0.102348956268835,0.1005531544214957,-0.42860260372867776,0.23460696119604021
planc,0.33,20,30,53,长80/160/320,162038.17694191335,350922.0358491515,0.11794732181983203,0.11934701327925445,-0.3108693640386455,0.38391371773906263
planc,0.67,20,30,53,长80/160/320,162034.8573266315,319644.1555543528,0.10494361042269296,0.10511036243647864,-0.26598135468377826,0.3951794386544236
graded,—,20,30,58,短40/80/160,161893.48471041018,315481.7315323085,0.10324359996931387,0.10332203162927533,-0.2659855741141084,0.3884497569967834
planc,0.00,20,30,58,短40/80/160,161893.48471041018,345471.7908622393,0.11593223661838581,0.11764583220683456,-0.31316750519156167,0.3756642380085753
planc,0.33,20,30,58,短40/80/160,161890.16509512832,314873.03710905346,0.10297484749341723,0.10343075353628439,-0.26598620460054245,0.38885758639857465
planc,0.67,20,30,58,短40/80/160,161887.59316662562,287676.420146382,0.09010017452075314,0.08727771478965285,-0.26601846741801805,0.3280889317075335
graded,—,20,30,58,中60/120/240,162118.65119604458,316243.89322205243,0.1033564391446079,0.10360426876743545,-0.2903003619518538,0.3568864608739901
planc,0.00,20,30,58,中60/120/240,162118.65119604458,297740.5430215622,0.09479726049264314,0.09270953094974832,-0.3994242599965756,0.2321079118993502
planc,0.33,20,30,58,中60/120/240,161890.2347869497,315013.3122287672,0.10303761837167558,0.10234485128612691,-0.31319475025654475,0.32677703314724776
planc,0.67,20,30,58,中60/120/240,161890.1644210533,331193.89007179975,0.11006803516599428,0.11249706745739729,-0.2659704289257355,0.42296832738803763
graded,—,20,30,58,长80/160/320,162168.97132014213,322597.99590214994,0.1061099466915002,0.10646399881010016,-0.307018781779801,0.34676705507371175
planc,0.00,20,30,58,长80/160/320,162168.97132014213,305471.5158076428,0.09840395348869213,0.09648780497708387,-0.42860260372867776,0.22512183579305653
planc,0.33,20,30,58,长80/160/320,161893.48471041018,345471.7908622393,0.11593223661838581,0.11764583220683456,-0.31316750519156167,0.3756642380085753
planc,0.67,20,30,58,长80/160/320,161890.16509512832,314873.03710905346,0.10297484749341723,0.10343075353628439,-0.26598620460054245,0.38885758639857465
graded,—,20,30,63,短40/80/160,160460.40696352988,283903.6073497726,0.08994288646059545,0.08599775983285807,-0.30471257295263343,0.2822258333469756
planc,0.00,20,30,63,短40/80/160,160460.40696352988,293134.7279074962,0.09455583635175546,0.09106657676474894,-0.3771241085764281,0.24147641238983097
planc,0.33,20,30,63,短40/80/160,160460.40696352988,292471.53896156093,0.09423046473076913,0.09186878138883547,-0.33310741482300277,0.2757932645769837
planc,0.67,20,30,63,短40/80/160,160460.40696352988,266339.18723122176,0.08062628497076452,0.074137822862127,-0.2660510181033092,0.2786601734910063
graded,—,20,30,63,中60/120/240,160460.40696352988,288804.205391287,0.09241457313093815,0.08921165202963399,-0.3645043000875924,0.24474787268132625
planc,0.00,20,30,63,中60/120/240,160460.40696352988,266414.40564914665,0.08066781283289959,0.07353692986429894,-0.47463351983462654,0.15493412662873227
planc,0.33,20,30,63,中60/120/240,160460.40696352988,292504.88099504483,0.09424684466421407,0.09067074692161703,-0.38002971704205646,0.238588570460617
planc,0.67,20,30,63,中60/120/240,160460.40696352988,306061.871964293,0.10072253887588956,0.10050372986325895,-0.2659957407998609,0.3778396208940783
graded,—,20,30,63,长80/160/320,160510.72708762743,286407.05031133426,0.09116421422930843,0.0871325998020458,-0.3937883920660633,0.22126756795672162
planc,0.00,20,30,63,长80/160/320,160510.72708762743,272735.28630404285,0.08405735780380275,0.0772491123737209,-0.47113849596488633,0.1639626416336784
planc,0.33,20,30,63,长80/160/320,160460.40696352988,293134.7279074962,0.09455583635175546,0.09106657676474894,-0.3771241085764281,0.24147641238983097
planc,0.67,20,30,63,长80/160/320,160460.40696352988,292471.53896156093,0.09423046473076913,0.09186878138883547,-0.33310741482300277,0.2757932645769837
