百分位方法,累计本金,期末价值,总盈利率,XIRR,XIRR连续复利,TWR年化,年化波动,夏普,最大回撤,卡玛,年换手率,平均仓位,清仓次数,回补次数,定投成交次数,交易次数,起始日,对照1_同入金不卖XIRR,对照1_MDD,XIRR−对照1,夏普−对照1,事件
规则书15年,161780.18296334418,362993.82966601994,1.2437471822384225,0.12285425961279663,0.11587388960764208,0.12427233168701646,0.17680985532880283,0.7512473876491831,-0.3176308651301578,0.39124765672911704,0.1797257210892541,0.846389636776462,3,3,1818,1824,2013-11-08,0.07860837293194516,-0.46058235046698626,0.04424588668085147,0.31045114031052273,清仓2015-06-29；恢复回补2016-01-29；清仓2018-02-08；恢复回补2018-06-26；清仓2021-03-09；恢复回补2022-03-16
A_均值,147594.61056891907,203751.2607931904,0.3804790026397953,0.08145597482784146,0.07830825807231674,0.07238830823130593,0.18141326877608482,0.47602975665742625,-0.32948934922774487,0.21969847705538648,0.07024561362556503,0.8012368464511918,2,2,1333,1337,2016-11-28,0.07153441800076948,-0.4162704174318905,0.009921556827071978,0.10189861471987877,清仓2018-02-08；恢复回补2018-05-31；清仓2021-03-09；恢复回补2022-03-09
A_中位数,157557.06928070707,216179.3763673615,0.37207030667860197,0.08052570322673466,0.07744768495279238,0.0723756354949805,0.18141257223591975,0.4759658288366788,-0.3294945708797866,0.21965653425405346,0.06928472879103248,0.8012301314517498,2,2,1367,1371,2016-11-28,0.07073770116193295,-0.41626451651306606,0.00978800206480171,0.10188207431684093,清仓2018-02-08；恢复回补2018-05-31；清仓2021-03-09；恢复回补2022-03-09
B_均值,151158.13299338537,220478.3120488013,0.45859377648207245,0.09001634510973194,0.08619269164213629,0.07803200825205225,0.16369325209209062,0.5409463339690403,-0.27954487201732725,0.2791394729902809,0.3500739347080824,0.819236447209195,3,3,1444,1450,2015-11-19,0.07022316507145641,-0.41625907187318867,0.01979318003827553,0.13335038482165817,清仓2018-02-08；恢复回补2018-05-31；清仓2020-11-02；恢复回补2022-03-09；清仓2026-07-24；恢复回补2026-09-29
B_中位数,160858.84909252604,238656.10358794976,0.4836367718301573,0.09331931827005087,0.08921831499034173,0.08182874355680214,0.16814348876066046,0.5519547035655685,-0.33980427323754336,0.24081140233218606,0.3511056581591715,0.8511099545323653,3,3,1458,1464,2015-11-19,0.07053774688806978,-0.41619073984399546,0.022781571381981086,0.14441042138421334,清仓2018-02-08；恢复回补2018-05-31；清仓2021-03-09；恢复回补2022-03-10；清仓2026-07-24；恢复回补2026-09-29
C_均值,133238.42822180252,174946.53599039314,0.3130336219454568,0.0832766679915183,0.07999039983613762,0.09338227833955193,0.17738051036507713,0.5921055865477678,-0.3298565470382073,0.2830996661367932,0.04627841209505079,0.8715388380310333,1,1,1307,1309,2018-12-13,0.07667405083231028,-0.4166003332307233,0.006602617159208013,0.11678765626905319,清仓2021-03-09；恢复回补2022-03-09
C_中位数,140650.7303819491,184099.46173428357,0.3089122341159958,0.0824523646139552,0.0792291749506995,0.09337298141264361,0.17738052510532945,0.5920576065005674,-0.3299184349636276,0.28301838126425904,0.044080099543925236,0.8715396493889357,1,1,1331,1333,2018-12-13,0.07616436903697364,-0.41665651059620923,0.006287995576981564,0.11678673771886205,清仓2021-03-09；恢复回补2022-03-09
单窗3年,161321.79322335264,232252.84075539085,0.4396867039150316,0.07963007132760831,0.07661845591200027,0.051485993042515776,0.16108948194597603,0.39248371971913426,-0.37899622296412727,0.13584830117789598,0.20792411471153385,0.6043735359661334,3,2,1292,1297,2014-11-11,0.06693181629427815,-0.48102434250036463,0.012698255033330164,0.17062421017338275,清仓2015-06-29；恢复回补2018-05-03；清仓2021-03-09；恢复回补2022-03-09；清仓2025-11-25
单窗5年,150422.06354305102,216260.72596092543,0.4376928548053809,0.09486940283095248,0.09063508933456332,0.07285533409691025,0.17968418976489353,0.48129449442414274,-0.3295531394276644,0.22107309984495446,0.21594322500849106,0.7204421640863105,3,2,1316,1319,2016-11-28,0.07118412560427718,-0.41632412137220864,0.023685277226675294,0.14079396987584952,清仓2018-02-08；恢复回补2018-06-22；清仓2021-03-09；恢复回补2022-03-09；清仓2026-07-24
单窗10年,108080.35981000535,135059.61535722355,0.24962218477663356,0.09332423586280245,0.08922281283613126,0.05225927285198595,0.17142170240185145,0.3826631839507765,-0.2684470806756114,0.19467253180948352,0.0,0.9999693313481766,1,1,1071,1071,2022-01-14,0.09332423586280245,-0.2684470806756114,0.0,0.0,清仓2022-01-14；恢复回补2022-03-16
扩展窗口,119865.88682816035,164097.60862168105,0.3690100908937608,0.08851665555784745,0.08481590296065267,0.09341185874197167,0.17564833707018998,0.5965847281239834,-0.3181866448781837,0.29357567404418866,0.07007446692377885,0.8330313648143746,3,3,1572,1578,2014-11-11,0.07644364012801548,-0.47980276228320395,0.012073015429831968,0.32578237932262477,清仓2015-06-29；恢复回补2016-01-29；清仓2018-02-08；恢复回补2018-06-26；清仓2021-03-09；恢复回补2022-03-16
