起点,百分位方法,XIRR,夏普,最大回撤,清仓次数,对照1XIRR,对照1MDD,XIRR−对照1,MDD改善
2014-01-02,规则书15年,0.1225972048622501,0.7842667104746494,-0.3176472031119868,3,0.07906975805823437,-0.4605815916505793,0.04352744680401574,0.14293438853859253
2014-04-01,规则书15年,0.11855013888764239,0.7950170542372137,-0.31771304267931944,3,0.0786081471178898,-0.4605780229145099,0.03994199176975259,0.14286498023519045
2014-07-01,规则书15年,0.10782875409115063,0.8185343205321327,-0.3178558436288964,3,0.07660570932159301,-0.46056575720385096,0.031223044769557617,0.14270991357495455
2014-10-08,规则书15年,0.09404951337680283,0.771796024462273,-0.31807842407294473,3,0.07606243212053329,-0.46049812022901293,0.017987081256269535,0.1424196961560682
2015-01-05,规则书15年,0.08679782267691202,0.5614154393565878,-0.3182246366637008,3,0.07672611214043662,-0.4163304582080183,0.010071710536475403,0.09810582154431746
2015-01-05,单窗3年,0.07951685678624262,0.4231355626068144,-0.3293565749544797,3,0.06690127380915342,-0.416140566115093,0.012615582977089201,0.0867839911606133
2015-01-05,扩展窗口,0.08679782267691202,0.5614154393565878,-0.3182246366637008,3,0.07672611214043662,-0.4163304582080183,0.010071710536475403,0.09810582154431746
2015-04-01,规则书15年,0.08679782267691202,0.5614154393565878,-0.3182246366637008,3,0.07672611214043662,-0.4163304582080183,0.010071710536475403,0.09810582154431746
2015-04-01,单窗3年,0.07951685678624262,0.4231355626068144,-0.3293565749544797,3,0.06690127380915342,-0.416140566115093,0.012615582977089201,0.0867839911606133
2015-04-01,扩展窗口,0.08679782267691202,0.5614154393565878,-0.3182246366637008,3,0.07672611214043662,-0.4163304582080183,0.010071710536475403,0.09810582154431746
2015-07-01,规则书15年,0.08679782267691202,0.5614154393565878,-0.3182246366637008,3,0.07672611214043662,-0.4163304582080183,0.010071710536475403,0.09810582154431746
2015-07-01,单窗3年,0.07951685678624262,0.4231355626068144,-0.3293565749544797,3,0.06690127380915342,-0.416140566115093,0.012615582977089201,0.0867839911606133
2015-07-01,扩展窗口,0.08679782267691202,0.5614154393565878,-0.3182246366637008,3,0.07672611214043662,-0.4163304582080183,0.010071710536475403,0.09810582154431746
2015-10-08,规则书15年,0.08679779702907203,0.5614165063884453,-0.318224593875565,3,0.07672527471598646,-0.4163304244555597,0.010072522313085572,0.09810583057999467
2015-10-08,单窗3年,0.07951685678624262,0.4231355626068144,-0.3293565749544797,3,0.06690127380915342,-0.416140566115093,0.012615582977089201,0.0867839911606133
2015-10-08,扩展窗口,0.08679779702907203,0.5614165063884453,-0.318224593875565,3,0.07672527471598646,-0.4163304244555597,0.010072522313085572,0.09810583057999467
2016-01-04,规则书15年,0.08679782267691202,0.5614154393565878,-0.3182246366637008,3,0.07672611214043662,-0.4163304582080183,0.010071710536475403,0.09810582154431746
2016-01-04,B_均值,0.09001635125216886,0.5409463245063095,-0.2795448758257215,3,0.07022317030471623,-0.41625907203395096,0.019793180947452638,0.13671419620822944
2016-01-04,B_中位数,0.09331932396256554,0.5519546943353973,-0.33980427338567143,3,0.0705377518389797,-0.41619073997390976,0.022781572123585836,0.07638646658823833
2016-01-04,单窗3年,0.07951685678624262,0.4231355626068144,-0.3293565749544797,3,0.06690127380915342,-0.416140566115093,0.012615582977089201,0.0867839911606133
2016-01-04,扩展窗口,0.08679782267691202,0.5614154393565878,-0.3182246366637008,3,0.07672611214043662,-0.4163304582080183,0.010071710536475403,0.09810582154431746
2016-04-01,规则书15年,0.08679225596352357,0.4606550324725883,-0.3182426644146099,2,0.07707024279193972,-0.41634462871392597,0.009722013171583846,0.09810196429931606
2016-04-01,B_均值,0.09023953989527858,0.5001854696310921,-0.2798246123216672,3,0.07041296386823241,-0.41626890689177976,0.01982657602704617,0.13644429457011253
2016-04-01,B_中位数,0.0935220387592758,0.5124887830017485,-0.33981332932856834,3,0.07071893496460414,-0.41619867366377317,0.022803103794671653,0.07638534433520483
2016-04-01,单窗3年,0.07948403793942496,0.424343258624552,-0.3293525228017036,3,0.06681074470318285,-0.4161370552335465,0.012673293236242111,0.08678453243184292
2016-04-01,扩展窗口,0.08679225596352357,0.4606550324725883,-0.3182426644146099,2,0.07707024279193972,-0.41634462871392597,0.009722013171583846,0.09810196429931606
2016-07-01,规则书15年,0.08681992169160165,0.471833997162068,-0.3182607350282771,2,0.07744862965878063,-0.4163587325260122,0.009371292032821013,0.09809799749773507
2016-07-01,B_均值,0.09051533448999614,0.4227217912854437,-0.2803631061337367,3,0.07065704346438496,-0.41628022796793973,0.01985829102561118,0.13591712183420301
2016-07-01,B_中位数,0.09377092326789725,0.4385778923890075,-0.33982373842553293,3,0.07095059896135048,-0.4162077712439244,0.022820324306546777,0.07638403281839146
2016-07-01,单窗3年,0.07949169996872245,0.42159499643066395,-0.32935469944232554,3,0.06684864396356532,-0.4161389448209605,0.012643056005157124,0.08678424537863494
2016-07-01,扩展窗口,0.08681992169160165,0.471833997162068,-0.3182607350282771,2,0.07744862965878063,-0.4163587325260122,0.009371292032821013,0.09809799749773507
2016-10-10,规则书15年,0.08685912624491257,0.5090716881516717,-0.31826727506915864,2,0.07761530852677281,-0.4163638027943779,0.009243817718139757,0.09809652772521926
2016-10-10,B_均值,0.09075085505990672,0.46555595119636856,-0.26647593977945805,3,0.07087212768909781,-0.41628764730693457,0.01987872737080891,0.14981170752747652
2016-10-10,B_中位数,0.09398405673948482,0.4818045390090895,-0.33983055098165105,3,0.07115311375203665,-0.4162137129720769,0.022830942987448172,0.07638316199042583
2016-10-10,单窗3年,0.07951015071477628,0.4133279834643483,-0.32935589115246133,3,0.06688329261015152,-0.41613998010502085,0.012626858104624758,0.08678408895255951
2016-10-10,扩展窗口,0.08685912624491257,0.5090716881516717,-0.31826727506915864,2,0.07761530852677281,-0.4163638027943779,0.009243817718139757,0.09809652772521926
2017-01-03,规则书15年,0.08685984296404996,0.5180524078111874,-0.31826796482669695,2,0.07763626451650384,-0.4163642746470846,0.009223578447546121,0.09809630982038764
2017-01-03,A_均值,0.08145780896329725,0.4760275064289151,-0.3294893889422261,2,0.07153647473271375,-0.41627045385011463,0.0099213342305835,0.0867810649078885
2017-01-03,A_中位数,0.08052738084440525,0.47596357570534126,-0.3294946087412779,2,0.07073959994702085,-0.4162645503116825,0.009787780897384399,0.08676994157040463
2017-01-03,B_均值,0.09086210066187464,0.46968595165063715,-0.266479379747395,3,0.0709760259933318,-0.41629085806486266,0.019886074668542836,0.14981147831746766
2017-01-03,B_中位数,0.09408451653742024,0.4858437671627499,-0.33983349771773375,3,0.07125063495205189,-0.4162162792537748,0.02283388158536835,0.07638278153604106
2017-01-03,单窗3年,0.07951861431867743,0.4231567432761179,-0.3293564006404718,3,0.06689883554882312,-0.4161404229237542,0.012619778769854317,0.08678402228328241
2017-01-03,单窗5年,0.09487061285133726,0.48129319041854013,-0.3295531627483682,3,0.07118513666710717,-0.41632414249360017,0.023685476184230086,0.08677097974523196
2017-01-03,扩展窗口,0.08685984296404996,0.5180524078111874,-0.31826796482669695,2,0.07763626451650384,-0.4163642746470846,0.009223578447546121,0.09809630982038764
2017-04-05,规则书15年,0.086860279448703,0.5180520433719908,-0.3182679773742879,2,0.07763678366831286,-0.41636428553860194,0.00922349578039014,0.09809630816431403
2017-04-05,A_均值,0.08145839666897345,0.47602698915157776,-0.3294893980563177,2,0.07153706872549365,-0.4162704624420659,0.009921327943479802,0.08678106438574817
2017-04-05,A_中位数,0.08052792308331067,0.47596305776183256,-0.3294946174300899,2,0.07074015046815049,-0.4162645582855643,0.009787772615160173,0.0867699408554744
2017-04-05,B_均值,0.0908684513191845,0.46967227904875086,-0.2664795728120085,3,0.07098191376414001,-0.4162910392430882,0.019886537555044492,0.14981146643107968
2017-04-05,B_中位数,0.0940902339566612,0.48583106682244187,-0.3398336630685933,3,0.07125615725919829,-0.4162164239744134,0.022834076697462916,0.07638276090582008
2017-04-05,单窗3年,0.07951778312042719,0.4231543803205279,-0.3293564202998691,3,0.06689882131424622,-0.4161404378869654,0.012618961806180967,0.08678401758709631
2017-04-05,单窗5年,0.09487083898200037,0.4812929444644483,-0.32955316714294614,3,0.07118532592375244,-0.4163241464737315,0.023685513058247926,0.08677097933078537
2017-04-05,扩展窗口,0.086860279448703,0.5180520433719908,-0.3182679773742879,2,0.07763678366831286,-0.41636428553860194,0.00922349578039014,0.09809630816431403
2017-07-03,规则书15年,0.08686284945408179,0.5180495645214025,-0.31826806258049434,2,0.0776399717038545,-0.4163643594985449,0.009222877750227287,0.09809629691805055
2017-07-03,A_均值,0.08144561836077782,0.4760458551692621,-0.32948906190592275,2,0.07152231671868027,-0.416270146856592,0.009923301642097551,0.08678108495066927
2017-07-03,A_中位数,0.08051620784554595,0.4759819483485087,-0.3294942969564779,2,0.07072650414410334,-0.416264265392411,0.00978970370144261,0.0867699684359331
2017-07-03,B_均值,0.0908596607939414,0.46967377268167765,-0.26647955187228,3,0.0709751775918606,-0.41629099956155713,0.01988448320208079,0.14981144768927712
2017-07-03,B_中位数,0.09408171399209433,0.4858334724645151,-0.3398336319434785,3,0.0712493524995134,-0.4162163802653719,0.02283236149258093,0.0763827483218934
2017-07-03,单窗3年,0.07951626354365855,0.42313699448682107,-0.3293565633045924,3,0.06690062271319604,-0.416140555494951,0.012615640830462516,0.0867839921903586
2017-07-03,单窗5年,0.0948717254368987,0.48129184654043583,-0.329553186744444,3,0.07118608758691307,-0.4163241642266282,0.023685637849985633,0.08677097748218421
2017-07-03,扩展窗口,0.08686284945408179,0.5180495645214025,-0.31826806258049434,2,0.0776399717038545,-0.4163643594985449,0.009222877750227287,0.09809629691805055
2017-10-09,规则书15年,0.08686284945408179,0.5180495645214025,-0.31826806258049434,2,0.0776399717038545,-0.4163643594985449,0.009222877750227287,0.09809629691805055
2017-10-09,A_均值,0.08144561836077782,0.4760458551692621,-0.32948906190592275,2,0.07152231671868027,-0.416270146856592,0.009923301642097551,0.08678108495066927
2017-10-09,A_中位数,0.08051620784554595,0.4759819483485087,-0.3294942969564779,2,0.07072650414410334,-0.416264265392411,0.00978970370144261,0.0867699684359331
2017-10-09,B_均值,0.0908596607939414,0.46967377268167765,-0.26647955187228,3,0.0709751775918606,-0.41629099956155713,0.01988448320208079,0.14981144768927712
2017-10-09,B_中位数,0.09408171399209433,0.4858334724645151,-0.3398336319434785,3,0.0712493524995134,-0.4162163802653719,0.02283236149258093,0.0763827483218934
2017-10-09,单窗3年,0.07951685677271486,0.4231355626411839,-0.3293565749542007,3,0.06690127379411337,-0.41614056611483763,0.012615582978601492,0.08678399116063695
2017-10-09,单窗5年,0.0948717254368987,0.48129184654043583,-0.329553186744444,3,0.07118608758691307,-0.4163241642266282,0.023685637849985633,0.08677097748218421
2017-10-09,扩展窗口,0.08686284945408179,0.5180495645214025,-0.31826806258049434,2,0.0776399717038545,-0.4163643594985449,0.009222877750227287,0.09809629691805055
2018-01-02,规则书15年,0.08686284945408179,0.5180495645214025,-0.31826806258049434,2,0.0776399717038545,-0.4163643594985449,0.009222877750227287,0.09809629691805055
2018-01-02,A_均值,0.08144561836077782,0.4760458551692621,-0.32948906190592275,2,0.07152231671868027,-0.416270146856592,0.009923301642097551,0.08678108495066927
2018-01-02,A_中位数,0.08051620784554595,0.4759819483485087,-0.3294942969564779,2,0.07072650414410334,-0.416264265392411,0.00978970370144261,0.0867699684359331
2018-01-02,B_均值,0.0908596607939414,0.46967377268167765,-0.26647955187228,3,0.0709751775918606,-0.41629099956155713,0.01988448320208079,0.14981144768927712
2018-01-02,B_中位数,0.09408171399209433,0.4858334724645151,-0.3398336319434785,3,0.0712493524995134,-0.4162163802653719,0.02283236149258093,0.0763827483218934
2018-01-02,单窗3年,0.07951685678624262,0.4231355626068144,-0.3293565749544797,3,0.06690127380915342,-0.416140566115093,0.012615582977089201,0.0867839911606133
2018-01-02,单窗5年,0.0948717254368987,0.48129184654043583,-0.329553186744444,3,0.07118608758691307,-0.4163241642266282,0.023685637849985633,0.08677097748218421
2018-01-02,扩展窗口,0.08686284945408179,0.5180495645214025,-0.31826806258049434,2,0.0776399717038545,-0.4163643594985449,0.009222877750227287,0.09809629691805055
2018-04-02,规则书15年,0.08686284667964199,0.5180495687841348,-0.3182680624341796,2,0.07763996763989242,-0.4163643593715409,0.009222879039749568,0.09809629693736133
2018-04-02,A_均值,0.08137739083635559,0.4557974366410516,-0.32948687921871644,1,0.07143627455906128,-0.4162681383641519,0.009941116277294312,0.08678125914543544
2018-04-02,A_中位数,0.08045422852864777,0.4557337475451883,-0.3294922156351894,1,0.07064719460359095,-0.41626240086153155,0.009807033925056816,0.08677018522634217
2018-04-02,B_均值,0.09077893209247008,0.48725807565189344,-0.2664777544499073,2,0.07090297398221578,-0.41628924471429285,0.019875958110254305,0.14981149026438556
2018-04-02,B_中位数,0.09400424493570662,0.5029033912384766,-0.33983198616779087,2,0.07117689398172584,-0.4162148813448686,0.02282735095398078,0.07638289517707775
2018-04-02,单窗3年,0.07946544263534895,0.4216136277309998,-0.3293551998603065,2,0.06683954011250405,-0.41613931246743086,0.0126259025228449,0.08678411260712438
2018-04-02,单窗5年,0.09487172180142739,0.4812918533014223,-0.3295531866238167,3,0.07118608414528073,-0.4163241641173807,0.02368563765614666,0.086770977493564
2018-04-02,扩展窗口,0.08686284667964199,0.5180495687841348,-0.3182680624341796,2,0.07763996763989242,-0.4163643593715409,0.009222879039749568,0.09809629693736133
2018-07-02,规则书15年,0.08691725294087578,0.4934936415274728,-0.3182718420268753,1,0.07772920783114927,-0.41636763929887155,0.009188045109726511,0.09809579727199624
2018-07-02,A_均值,0.08172172314005494,0.4618716136902698,-0.329501689779942,1,0.07190728636282266,-0.4162817606492777,0.009814436777232274,0.0867800708693357
2018-07-02,A_中位数,0.0807627977971578,0.4618063572609309,-0.3295063238652658,1,0.07107870371639258,-0.41627503113285924,0.009684094080765218,0.08676870726759345
2018-07-02,B_均值,0.09129381143865908,0.472790882861108,-0.2664920737849782,2,0.07136247685812432,-0.41630323962138405,0.019931334580534768,0.14981116583640586
2018-07-02,B_中位数,0.09448316837770138,0.491721105561972,-0.339844855366785,2,0.07163037293158589,-0.4162265953965456,0.022852795446115487,0.07638174002976061
2018-07-02,单窗3年,0.07997210243578445,0.48471216513707244,-0.3293731311499144,2,0.0674933218942569,-0.41615564442961805,0.012478780541527554,0.08678251327970365
2018-07-02,单窗5年,0.09494240683759846,0.5245100600852878,-0.329556416056353,2,0.07125624193754929,-0.41632708858895084,0.02368616490004917,0.08677067253259785
2018-07-02,扩展窗口,0.08691725294087578,0.4934936415274728,-0.3182718420268753,1,0.07772920783114927,-0.41636763929887155,0.009188045109726511,0.09809579727199624
2018-10-08,规则书15年,0.08764003762496399,0.5556670250754087,-0.31835515922903523,1,0.0792195448735044,-0.4164395451789715,0.00842049275145959,0.09808438594993629
2018-10-08,A_均值,0.08252052522012839,0.5658395750735439,-0.32960371968957036,1,0.07361899813871983,-0.4163752236765996,0.008901527081408553,0.08677150398702926
2018-10-08,A_中位数,0.08140471558976212,0.5657641614673651,-0.32960258160638334,1,0.0725986107318513,-0.41636068401794346,0.008806104857910821,0.08675810241156012
2018-10-08,B_均值,0.09333351818604446,0.5672605867228144,-0.2665969112922786,2,0.07315687370853065,-0.4164068237430938,0.020176644477513814,0.1498099124508152
2018-10-08,B_中位数,0.09636254421311727,0.5847369014326427,-0.33994541679144896,2,0.07349655749926394,-0.4163176018936985,0.02286598671385333,0.07637218510224952
2018-10-08,单窗3年,0.08070923752815919,0.5701947868310481,-0.3294772907295711,2,0.06918399903965525,-0.41624986162625266,0.011525238488503939,0.08677257089668156
2018-10-08,单窗5年,0.09569096855495839,0.5786629220733831,-0.32961084458162515,2,0.0720530689766608,-0.4163762608814773,0.02363789957829758,0.08676541629985213
2018-10-08,扩展窗口,0.08764003762496399,0.5556670250754087,-0.31835515922903523,1,0.0792195448735044,-0.4164395451789715,0.00842049275145959,0.09808438594993629
2019-01-02,规则书15年,0.08757198904064502,0.5890446569324984,-0.3186080213912451,1,0.08126023035830822,-0.4166531011480643,0.006311758682336799,0.0980450797568192
2019-01-02,A_均值,0.08194420177941311,0.5756451072965009,-0.32984387892015976,1,0.0750397435762431,-0.41659296097279164,0.006904458203170011,0.08674908205263188
2019-01-02,A_中位数,0.08071516182180503,0.5721241897763106,-0.3298129859058049,1,0.07371870185800099,-0.4165448276642941,0.006996459963804047,0.08673184175848925
2019-01-02,B_均值,0.09495906468837736,0.6042389996240703,-0.2668351755152949,2,0.07456290320868987,-0.41665178857226104,0.020396161479687494,0.14981661305696614
2019-01-02,B_中位数,0.09779347168222968,0.6172539789048765,-0.3402263186071296,2,0.0752761859655608,-0.416567019836369,0.02251728571666889,0.07634070122923942
2019-01-02,C_均值,0.08302344542294722,0.5723260952677082,-0.3299155088436396,1,0.07684752845870052,-0.41665292087006456,0.0061759169642467,0.08673741202642493
2019-01-02,C_中位数,0.08218504262259907,0.5722766861149794,-0.3299793023510784,1,0.07631321021565962,-0.41671071440589225,0.005871832406939448,0.08673141205481383
2019-01-02,单窗3年,0.07933592974544501,0.6085332756421447,-0.3297053364628676,2,0.06988541253742069,-0.41645249566194287,0.009450517208024325,0.08674715919907527
2019-01-02,单窗5年,0.0960044722974362,0.6164291018819574,-0.32974976821163027,2,0.07268746584051643,-0.4165008207330244,0.023317006456919767,0.08675105252139415
2019-01-02,扩展窗口,0.08757198904064502,0.5890446569324984,-0.3186080213912451,1,0.08126023035830822,-0.4166531011480643,0.006311758682336799,0.0980450797568192
2019-04-01,规则书15年,0.08742479030111378,0.4619402779102703,-0.3188604989526177,1,0.08276497756758257,-0.4168587999829272,0.004659812733531207,0.09799830103030949
2019-04-01,A_均值,0.08154747224010454,0.4775368385906697,-0.3300348107946487,1,0.07596057093915322,-0.4167642550076752,0.005586901300951325,0.08672944421302653
2019-04-01,A_中位数,0.0803544901336811,0.47859027766765544,-0.32995743148954426,1,0.07442965038630724,-0.4166688033347071,0.0059248397473738584,0.08671137184516287
2019-04-01,B_均值,0.09629113155277429,0.5080891041638768,-0.2670506844010251,2,0.07576527565553177,-0.4168903506430809,0.020525855897242512,0.1498396662420558
2019-04-01,B_中位数,0.0989887660150877,0.5130776678352366,-0.34050539365200205,2,0.07678993352731878,-0.41680767206284897,0.022198832487768924,0.07630227841084691
2019-04-01,C_均值,0.08277990367724489,0.48408302330519387,-0.3300931269837287,1,0.07774243582633883,-0.4168103470288481,0.005037467850906058,0.08671722004511939
2019-04-01,C_中位数,0.08188345500166908,0.48402563566809237,-0.33016221689815983,1,0.0771155034468147,-0.4168726325615083,0.004767951554854377,0.08671041566334847
2019-04-01,单窗3年,0.07834883892036436,0.4970709898925523,-0.3299029010471102,2,0.07045050676662463,-0.4166242073446712,0.007898332153739723,0.08672130629756103
2019-04-01,单窗5年,0.09630703589365648,0.5257881913563988,-0.3298685305857637,2,0.07326973673644159,-0.4166062959335637,0.02303729915721489,0.08673776534779998
2019-04-01,扩展窗口,0.08742479030111378,0.4619402779102703,-0.3188604989526177,1,0.08276497756758257,-0.4168587999829272,0.004659812733531207,0.09799830103030949
2019-07-01,规则书15年,0.08792889689690264,0.460991134761047,-0.31895259758968886,1,0.08376661560332653,-0.41693168205341113,0.004162281293576112,0.09797908446372228
2019-07-01,A_均值,0.08210585491565975,0.476393572278426,-0.33013118698530375,1,0.07708959860297103,-0.41685022634634505,0.005016256312688719,0.0867190393610413
2019-07-01,A_中位数,0.08088016653896248,0.42858993127975387,-0.33004448174261625,1,0.07552745236505702,-0.4167425186954149,0.005352714173905454,0.08669803695279865
2019-07-01,B_均值,0.09774639882853099,0.49612771282495904,-0.267155235480683,2,0.07713328008955352,-0.41701470117399553,0.020613118738977476,0.14985946569331254
2019-07-01,B_中位数,0.10045021528985106,0.5137218581799943,-0.3406450442016332,2,0.07834097921610593,-0.4169250643711323,0.022109236073745125,0.07628002016949909
2019-07-01,C_均值,0.08325783740709222,0.4631223319797235,-0.3301762598097804,1,0.07868158015716949,-0.4168835513063631,0.0045762572499227355,0.08670729149658274
2019-07-01,C_中位数,0.0823045283876217,0.4630616572056334,-0.33024763805234303,1,0.0779812652234928,-0.4169477798383443,0.004323263164128899,0.08670014178600127
2019-07-01,单窗3年,0.0789247961849562,0.4669379127599715,-0.3300140637598591,2,0.07177873827222103,-0.41671924951841977,0.0071460579127351626,0.08670518575856068
2019-07-01,单窗5年,0.09718228222312189,0.47637897011509733,-0.32994139676365175,2,0.07428328159899236,-0.4166705753733406,0.02289900062412953,0.08672917860968887
2019-07-01,扩展窗口,0.08792889689690264,0.460991134761047,-0.31895259758968886,1,0.08376661560332653,-0.41693168205341113,0.004162281293576112,0.09797908446372228
2019-10-08,规则书15年,0.08894470601241555,0.43536487436740495,-0.3191171688319009,1,0.08556050855976478,-0.417058492178764,0.0033841974526507695,0.09794132334686312
2019-10-08,A_均值,0.0833931937372673,0.43348626038765353,-0.33031807784882317,1,0.07933774508697312,-0.4170161510784849,0.004055448650294169,0.08669807322966172
2019-10-08,A_中位数,0.08224130831317666,0.4118262207166754,-0.3302291895019015,1,0.07795342635871587,-0.41689622988514974,0.0042878819544607955,0.08666704038324824
2019-10-08,B_均值,0.09997865868270327,0.4524329971014227,-0.2673106926634963,2,0.07925389836290897,-0.41721466428744214,0.020724760319794297,0.14990397162394586
2019-10-08,B_中位数,0.10243441341973744,0.4694742787142639,-0.34084171837714516,2,0.08043864035854535,-0.4170861732000364,0.02199577306119209,0.07624445482289122
2019-10-08,C_均值,0.08433740425724336,0.44025823604404074,-0.3303352041170158,1,0.08054004938520473,-0.41702271657531653,0.0037973548720386247,0.08668751245830075
2019-10-08,C_中位数,0.08326814471512446,0.44019233170328154,-0.3304106921723611,1,0.07969209629912596,-0.41709044050357236,0.003576048415998498,0.08667974833121128
2019-10-08,单窗3年,0.08042314489370003,0.43134526308705035,-0.33023436484928026,2,0.07455876657533005,-0.4169039949621457,0.005864378318369987,0.08666963011286544
2019-10-08,单窗5年,0.09919274335013353,0.454161471904282,-0.3300935597606468,2,0.07656392349365,-0.4168037788866873,0.02262881985648353,0.08671021912604049
2019-10-08,扩展窗口,0.08894470601241555,0.43536487436740495,-0.3191171688319009,1,0.08556050855976478,-0.417058492178764,0.0033841974526507695,0.09794132334686312
2020-01-02,规则书15年,0.08976839263457105,0.5664838217781933,-0.31926442419127354,1,0.08697568409745823,-0.41716750078346143,0.0027927085371128174,0.09790307659218789
2020-01-02,A_均值,0.08461581245579707,0.4067863802033381,-0.3305168905115691,1,0.0813988350300562,-0.41719168685950625,0.003216977425740869,0.08667479634793718
2020-01-02,A_中位数,0.08358316918185044,0.4044323744595183,-0.33043092896550563,1,0.08025424722623564,-0.417059273697336,0.003328921955614794,0.08662834473183034
2020-01-02,B_均值,0.10155590428794811,0.5414749274322154,-0.26743018494994597,2,0.0807760426575896,-0.4173854884722584,0.020779861630358512,0.14995530352231246
2020-01-02,B_中位数,0.10388072111126793,0.535122857057793,-0.3410097763177321,2,0.0819883633931313,-0.4172188895048242,0.021892357718136635,0.07620911318709211
2020-01-02,C_均值,0.08540086434689285,0.40931527727473394,-0.33050744140810473,1,0.08231346685032116,-0.4171723728893072,0.003087397496571692,0.08666493148120247
2020-01-02,C_中位数,0.08421687071734542,0.40924176600882006,-0.3305870699915573,1,0.08131760253851601,-0.4172436254527694,0.002899268178829406,0.08665655546121209
2020-01-02,单窗3年,0.08180779646998712,0.4267552324192854,-0.330460687205799,2,0.0770068084506897,-0.41708798844138606,0.004800988019297417,0.08662730123558704
2020-01-02,单窗5年,0.10136485026339742,0.4758206524577807,-0.3302787977563334,2,0.07905094629190512,-0.41696407700209803,0.0223139039714923,0.08668527924576463
2020-01-02,扩展窗口,0.08976839263457105,0.5664838217781933,-0.31926442419127354,1,0.08697568409745823,-0.41716750078346143,0.0027927085371128174,0.09790307659218789
2020-04-01,规则书15年,0.09063736753771089,0.5024990129608915,-0.31958664613108756,1,0.08885717014081504,-0.4173850037128952,0.0017801973968958468,0.09779835758180766
2020-04-01,A_均值,0.08572387437319105,0.47696368560122593,-0.3309061160125675,1,0.08370771286083624,-0.4175329857419112,0.0020161615123548138,0.08662686972934375
2020-04-01,A_中位数,0.08474113305797791,0.49397706767860455,-0.33079781946359543,1,0.08271117864870016,-0.4173377818496996,0.002029954409277751,0.08653996238610417
2020-04-01,B_均值,0.10309876521094105,0.5076317977109976,-0.26761691269463384,2,0.08233096185058847,-0.4177005881986927,0.020767803360352582,0.15008367550405888
2020-04-01,B_中位数,0.10536583236883046,0.5265589267877385,-0.3413220860321706,2,0.08371198997973389,-0.41744708120191276,0.021653842389096567,0.07612499516974214
2020-04-01,C_均值,0.08646593868841464,0.4768973131346,-0.330871429532704,1,0.0845022545687314,-0.4174845742916271,0.0019636841196832427,0.08661314475892312
2020-04-01,C_中位数,0.0851376269801434,0.4768127681912602,-0.3309590327676636,1,0.08330118522511884,-0.41756262482622153,0.0018364417550245649,0.08660359205855794
2020-04-01,单窗3年,0.08282924732570877,0.5256161140243988,-0.3308337966708236,2,0.07932763508383604,-0.4173732609105093,0.0035016122418727313,0.08653946423968573
2020-04-01,单窗5年,0.10370285774891427,0.5391947005006529,-0.33064559749079925,2,0.08198851283033114,-0.41727502991513543,0.021714344918583137,0.08662943242433618
2020-04-01,扩展窗口,0.09063736753771089,0.5024990129608915,-0.31958664613108756,1,0.08885717014081504,-0.4173850037128952,0.0017801973968958468,0.09779835758180766
2020-07-01,规则书15年,0.09231021639344278,0.39694169723993544,-0.268431701728851,1,0.09230327001459243,-0.26843229879366226,6.9463788503476565e-06,5.970648112585408e-07
2020-07-01,A_均值,0.0876539947476781,0.29312233937152965,-0.26811236318310927,1,0.0876430948744412,-0.2681129516522591,1.089987323689423e-05,5.884691498536654e-07
2020-07-01,A_中位数,0.0865720388402374,0.2667273969954436,-0.2680441720677945,1,0.08656682146893874,-0.2680444304175197,5.217371298660289e-06,2.583497251684719e-07
2020-07-01,B_均值,0.10587808990464248,0.3421508717633381,-0.2680432182199054,2,0.08514407446353078,-0.2680432182199054,0.020734015441111697,0.0
2020-07-01,B_中位数,0.10799212424178761,0.3673252042803664,-0.2682084485117793,2,0.08675779888866253,-0.26820869995281904,0.021234325353125083,2.514410397669309e-07
2020-07-01,C_均值,0.08842547207612118,0.2899074701791861,-0.2681425687133605,1,0.08841351740563635,-0.26814325791595095,1.19546704848289e-05,6.892025904425836e-07
2020-07-01,C_中位数,0.08682146822331102,0.2767254327441068,-0.2680650493147879,1,0.08681036827513214,-0.2680656206697599,1.1099948178883157e-05,5.713549720010036e-07
2020-07-01,单窗3年,0.08441920555127644,0.2979988732553236,-0.2679552900264345,2,0.08292830718029073,-0.26795551054860467,0.0014908983709857049,2.2052217019119524e-07
2020-07-01,单窗5年,0.10776917416503999,0.3518706232305577,-0.2680112083924209,2,0.08712491694497686,-0.2680121772381199,0.020644257220063134,9.688456990009087e-07
2020-07-01,扩展窗口,0.09231021639344278,0.39694169723993544,-0.268431701728851,1,0.09230327001459243,-0.26843229879366226,6.9463788503476565e-06,5.970648112585408e-07
2020-10-09,规则书15年,0.09227657144432104,0.39699453739351465,-0.26841959461466935,1,0.09227657144432104,-0.26841959461466935,0.0,0.0
2020-10-09,A_均值,0.08765445174262576,0.2931244896667493,-0.2681121320099068,1,0.08765445174262576,-0.2681121320099068,0.0,0.0
2020-10-09,A_中位数,0.08656413489912032,0.2667517119931687,-0.26804196246933787,1,0.08656413489912032,-0.26804196246933787,0.0,0.0
2020-10-09,B_均值,0.10588989157504108,0.34213866375594415,-0.2680442785202223,2,0.0851536748622637,-0.2680442785202223,0.02073621671277738,0.0
2020-10-09,B_中位数,0.1079885150493198,0.36734194162226474,-0.26820662803193707,2,0.08675697490889511,-0.26820662803193707,0.021231540140424693,0.0
2020-10-09,C_均值,0.08843196402929372,0.2898992773627843,-0.2681435233933711,1,0.08843196402929372,-0.2681435233933711,0.0,0.0
2020-10-09,C_中位数,0.08682101704824455,0.27672991887399695,-0.2680646091281995,1,0.08682101704824455,-0.2680646091281995,0.0,0.0
2020-10-09,单窗3年,0.0844085647684583,0.29803207918846397,-0.26795293413412424,2,0.08292303635024602,-0.26795293413412424,0.001485528418212284,0.0
2020-10-09,单窗5年,0.10779138277843342,0.3358411883008059,-0.2680133018091342,2,0.08715846102532239,-0.2680133018091342,0.02063292175311103,0.0
2020-10-09,扩展窗口,0.09227657144432104,0.39699453739351465,-0.26841959461466935,1,0.09227657144432104,-0.26841959461466935,0.0,0.0
2021-01-04,规则书15年,0.09227657144432104,0.39699453739351465,-0.26841959461466935,1,0.09227657144432104,-0.26841959461466935,0.0,0.0
2021-01-04,A_均值,0.08765445174262576,0.2931244896667493,-0.2681121320099068,1,0.08765445174262576,-0.2681121320099068,0.0,0.0
2021-01-04,A_中位数,0.08656413489912032,0.2667517119931687,-0.26804196246933787,1,0.08656413489912032,-0.26804196246933787,0.0,0.0
2021-01-04,B_均值,0.10588989157504108,0.34213866375594415,-0.2680442785202223,2,0.0851536748622637,-0.2680442785202223,0.02073621671277738,0.0
2021-01-04,B_中位数,0.1079885150493198,0.36734194162226474,-0.26820662803193707,2,0.08675697490889511,-0.26820662803193707,0.021231540140424693,0.0
2021-01-04,C_均值,0.08843196402929372,0.2898992773627843,-0.2681435233933711,1,0.08843196402929372,-0.2681435233933711,0.0,0.0
2021-01-04,C_中位数,0.08682101704824455,0.27672991887399695,-0.2680646091281995,1,0.08682101704824455,-0.2680646091281995,0.0,0.0
2021-01-04,单窗3年,0.0844085647684583,0.29803207918846397,-0.26795293413412424,2,0.08292303635024602,-0.26795293413412424,0.001485528418212284,0.0
2021-01-04,单窗5年,0.10779138277843342,0.3358411883008059,-0.2680133018091342,2,0.08715846102532239,-0.2680133018091342,0.02063292175311103,0.0
2021-01-04,扩展窗口,0.09227657144432104,0.39699453739351465,-0.26841959461466935,1,0.09227657144432104,-0.26841959461466935,0.0,0.0
2021-04-01,规则书15年,0.09227657144432104,0.39699453739351465,-0.26841959461466935,1,0.09227657144432104,-0.26841959461466935,0.0,0.0
2021-04-01,A_均值,0.08765445174262576,0.2931244896667493,-0.2681121320099068,1,0.08765445174262576,-0.2681121320099068,0.0,0.0
2021-04-01,A_中位数,0.08656413489912032,0.2667517119931687,-0.26804196246933787,1,0.08656413489912032,-0.26804196246933787,0.0,0.0
2021-04-01,B_均值,0.10588989157504108,0.34213866375594415,-0.2680442785202223,2,0.0851536748622637,-0.2680442785202223,0.02073621671277738,0.0
2021-04-01,B_中位数,0.1079885150493198,0.36734194162226474,-0.26820662803193707,2,0.08675697490889511,-0.26820662803193707,0.021231540140424693,0.0
2021-04-01,C_均值,0.08843196402929372,0.2898992773627843,-0.2681435233933711,1,0.08843196402929372,-0.2681435233933711,0.0,0.0
2021-04-01,C_中位数,0.08682101704824455,0.27672991887399695,-0.2680646091281995,1,0.08682101704824455,-0.2680646091281995,0.0,0.0
2021-04-01,单窗3年,0.0844085647684583,0.29803207918846397,-0.26795293413412424,2,0.08292303635024602,-0.26795293413412424,0.001485528418212284,0.0
2021-04-01,单窗5年,0.10779138277843342,0.3358411883008059,-0.2680133018091342,2,0.08715846102532239,-0.2680133018091342,0.02063292175311103,0.0
2021-04-01,扩展窗口,0.09227657144432104,0.39699453739351465,-0.26841959461466935,1,0.09227657144432104,-0.26841959461466935,0.0,0.0
2021-07-01,规则书15年,0.09227657144432104,0.39699453739351465,-0.26841959461466935,1,0.09227657144432104,-0.26841959461466935,0.0,0.0
2021-07-01,A_均值,0.08765445174262576,0.2931244896667493,-0.2681121320099068,1,0.08765445174262576,-0.2681121320099068,0.0,0.0
2021-07-01,A_中位数,0.08656413489912032,0.2667517119931687,-0.26804196246933787,1,0.08656413489912032,-0.26804196246933787,0.0,0.0
2021-07-01,B_均值,0.10588989157504108,0.34213866375594415,-0.2680442785202223,2,0.0851536748622637,-0.2680442785202223,0.02073621671277738,0.0
2021-07-01,B_中位数,0.1079885150493198,0.36734194162226474,-0.26820662803193707,2,0.08675697490889511,-0.26820662803193707,0.021231540140424693,0.0
2021-07-01,C_均值,0.08843196402929372,0.2898992773627843,-0.2681435233933711,1,0.08843196402929372,-0.2681435233933711,0.0,0.0
2021-07-01,C_中位数,0.08682101704824455,0.27672991887399695,-0.2680646091281995,1,0.08682101704824455,-0.2680646091281995,0.0,0.0
2021-07-01,单窗3年,0.0844085647684583,0.29803207918846397,-0.26795293413412424,2,0.08292303635024602,-0.26795293413412424,0.001485528418212284,0.0
2021-07-01,单窗5年,0.10779138277843342,0.3358411883008059,-0.2680133018091342,2,0.08715846102532239,-0.2680133018091342,0.02063292175311103,0.0
2021-07-01,扩展窗口,0.09227657144432104,0.39699453739351465,-0.26841959461466935,1,0.09227657144432104,-0.26841959461466935,0.0,0.0
2021-10-08,规则书15年,0.09229112167971477,0.39696667166970007,-0.2684260078069275,1,0.09227805741677492,-0.26842712344677944,1.3064262939857518e-05,1.1156398519451827e-06
2021-10-08,A_均值,0.0875148288331389,0.26681053566265517,-0.2680869079576417,1,0.08743945058549878,-0.2680908623731507,7.537824764011769e-05,3.954415509044296e-06
2021-10-08,A_中位数,0.08644200147325871,0.26923841598404574,-0.26802151071383773,1,0.08637147147364257,-0.2680249149968502,7.05299996161396e-05,3.404283012486964e-06
2021-10-08,B_均值,0.10566545458695305,0.3446323146906525,-0.26801274773384465,2,0.08485932377029663,-0.2680175514114571,0.020806130816656415,4.803677612463808e-06
2021-10-08,B_中位数,0.10784173919697466,0.3694300675093398,-0.2681832682977483,2,0.08657695406300951,-0.2681864992898553,0.021264785133965153,3.230992106972863e-06
2021-10-08,C_均值,0.08809821009827067,0.283552750141279,-0.268103316159755,0,0.08809821009827067,-0.268103316159755,0.0,0.0
2021-10-08,C_中位数,0.08649955295675475,0.2692873841398041,-0.26802849283815644,0,0.08649955295675475,-0.26802849283815644,0.0,0.0
2021-10-08,单窗3年,0.08434997734766825,0.2873376675030942,-0.2679445068293792,2,0.08282373426106905,-0.2679461786882603,0.0015262430865991966,1.6718588811137636e-06
2021-10-08,单窗5年,0.10757642649123454,0.37840510241928155,-0.26798530275836807,2,0.08688545351790901,-0.26798950113962494,0.020690972973325533,4.1983812568702206e-06
2021-10-08,扩展窗口,0.09229112167971477,0.39696667166970007,-0.2684260078069275,1,0.09227805741677492,-0.26842712344677944,1.3064262939857518e-05,1.1156398519451827e-06
2022-01-04,规则书15年,0.09227657144432104,0.39699453739351465,-0.26841959461466935,1,0.09227657144432104,-0.26841959461466935,0.0,0.0
2022-01-04,A_均值,0.08765445174262576,0.2931244896667493,-0.2681121320099068,1,0.08765445174262576,-0.2681121320099068,0.0,0.0
2022-01-04,A_中位数,0.08656413489912032,0.2667517119931687,-0.26804196246933787,1,0.08656413489912032,-0.26804196246933787,0.0,0.0
2022-01-04,B_均值,0.10588989157504108,0.34213866375594415,-0.2680442785202223,2,0.0851536748622637,-0.2680442785202223,0.02073621671277738,0.0
2022-01-04,B_中位数,0.1079885150493198,0.36734194162226474,-0.26820662803193707,2,0.08675697490889511,-0.26820662803193707,0.021231540140424693,0.0
2022-01-04,C_均值,0.08840378360076331,0.28994436584260114,-0.26813821940905513,0,0.08840378360076331,-0.26813821940905513,0.0,0.0
2022-01-04,C_中位数,0.08677701720691168,0.26670321751731063,-0.26805740813204526,0,0.08677701720691168,-0.26805740813204526,0.0,0.0
2022-01-04,单窗3年,0.0844085647684583,0.29803207918846397,-0.26795293413412424,2,0.08292303635024602,-0.26795293413412424,0.001485528418212284,0.0
2022-01-04,单窗5年,0.10779138277843342,0.3358411883008059,-0.2680133018091342,2,0.08715846102532239,-0.2680133018091342,0.02063292175311103,0.0
2022-01-04,扩展窗口,0.09227657144432104,0.39699453739351465,-0.26841959461466935,1,0.09227657144432104,-0.26841959461466935,0.0,0.0
2022-04-01,规则书15年,0.09255237888194096,0.3700544167579705,-0.268510041303779,0,0.09255237888194096,-0.268510041303779,0.0,0.0
2022-04-01,A_均值,0.08824077893389075,0.3892586650033732,-0.26825085426462836,0,0.08824077893389075,-0.26825085426462836,0.0,0.0
2022-04-01,A_中位数,0.08721637755744056,0.42630266065328615,-0.2681867709610316,0,0.08721637755744056,-0.2681867709610316,0.0,0.0
2022-04-01,B_均值,0.10663042549626947,0.5066467612755877,-0.26818204650541344,1,0.08578535210957644,-0.26818204650541344,0.02084507338669303,0.0
2022-04-01,B_中位数,0.10852546732279257,0.46901125875381794,-0.26832612328665784,1,0.08721242417916386,-0.26832612328665784,0.02131304314362871,0.0
2022-04-01,C_均值,0.08896951345795791,0.3808990067844357,-0.2682770450111148,0,0.08896951345795791,-0.2682770450111148,0.0,0.0
2022-04-01,C_中位数,0.08744153117764304,0.42616765790893063,-0.2682072725106295,0,0.08744153117764304,-0.2682072725106295,0.0,0.0
2022-04-01,单窗3年,0.08511694174006428,0.374876049816099,-0.2680910644753264,1,0.08362304129767929,-0.2680910644753264,0.0014939004423849822,0.0
2022-04-01,单窗5年,0.10863250243135557,0.5041540784823794,-0.26816521257654313,1,0.08787552473844464,-0.26816521257654313,0.020756977692910933,0.0
2022-04-01,单窗10年,0.09357781519805018,0.3601797910286903,-0.2685361857007865,0,0.09357781519805018,-0.2685361857007865,0.0,0.0
2022-04-01,扩展窗口,0.09255237888194096,0.3700544167579705,-0.268510041303779,0,0.09255237888194096,-0.268510041303779,0.0,0.0
2022-07-01,规则书15年,0.0943384777511941,0.29643405618908475,-0.2270693588637639,0,0.0943384777511941,-0.2270693588637639,0.0,0.0
2022-07-01,A_均值,0.09081668017821759,0.27067872904007,-0.22816134352735296,0,0.09081668017821759,-0.22816134352735296,0.0,0.0
2022-07-01,A_中位数,0.08993354304642805,0.2709750314072512,-0.22810820413352462,0,0.08993354304642805,-0.22810820413352462,0.0,0.0
2022-07-01,B_均值,0.10993313630171085,0.3462675205177519,-0.2317654425331357,1,0.08854572238503962,-0.2317654425331357,0.021387413916671233,0.0
2022-07-01,B_中位数,0.11130024520816735,0.3531135923090158,-0.22820523423643713,1,0.08951431520483827,-0.22820523423643713,0.021785930003329082,0.0
2022-07-01,C_均值,0.09134303383319381,0.28295492814385,-0.226859221103748,0,0.09134303383319381,-0.226859221103748,0.0,0.0
2022-07-01,C_中位数,0.09006477603564453,0.2706358434213899,-0.22815618639238955,0,0.09006477603564453,-0.22815618639238955,0.0,0.0
2022-07-01,单窗3年,0.08816030549230859,0.2962302794084602,-0.23167405631158067,1,0.08662499642711448,-0.23167405631158067,0.0015353090651941126,0.0
2022-07-01,单窗5年,0.11201243625268535,0.35076459935127174,-0.22812859402688357,1,0.09069813145891058,-0.22812859402688357,0.021314304793774774,0.0
2022-07-01,单窗10年,0.09526181864668727,0.2936790497387152,-0.22711790444240476,0,0.09526181864668727,-0.22711790444240476,0.0,0.0
2022-07-01,扩展窗口,0.0943384777511941,0.29643405618908475,-0.2270693588637639,0,0.0943384777511941,-0.2270693588637639,0.0,0.0
2022-10-10,规则书15年,0.09848953254323091,0.4408628606949858,-0.22551024701389222,0,0.09848953254323091,-0.22551024701389222,0.0,0.0
2022-10-10,A_均值,0.09637539376834779,0.4142716426835043,-0.2254407363255524,0,0.09637539376834779,-0.2254407363255524,0.0,0.0
2022-10-10,A_中位数,0.09563508698284665,0.41436150892478607,-0.22541513973800575,0,0.09563508698284665,-0.22541513973800575,0.0,0.0
2022-10-10,B_均值,0.11691069380796935,0.5039451142403472,-0.22543082097297873,1,0.09453534099923433,-0.22543082097297873,0.022375352808735025,0.0
2022-10-10,B_中位数,0.11759907400734279,0.5038183390067232,-0.22543767368421053,1,0.09488920127302293,-0.22543767368421053,0.02270987273431986,0.0
2022-10-10,C_均值,0.0963422245122754,0.4131253715388735,-0.22545555346103652,0,0.0963422245122754,-0.22545555346103652,0.0,0.0
2022-10-10,C_中位数,0.09544801690864049,0.41428488169991845,-0.22541601533398814,0,0.09544801690864049,-0.22541601533398814,0.0,0.0
2022-10-10,单窗3年,0.09526643908897306,0.4562363960436729,-0.22539906018006983,1,0.0936514918536171,-0.22539906018006983,0.0016149472353559624,0.0
2022-10-10,单窗5年,0.11855080962821785,0.5011307402084052,-0.22541472341483126,1,0.09629671127555335,-0.22541472341483126,0.022254098352664495,0.0
2022-10-10,单窗10年,0.09899806209004597,0.4486972390515746,-0.22554281357161698,0,0.09899806209004597,-0.22554281357161698,0.0,0.0
2022-10-10,扩展窗口,0.09848953254323091,0.4408628606949858,-0.22551024701389222,0,0.09848953254323091,-0.22551024701389222,0.0,0.0
2023-01-03,规则书15年,0.10408706145968616,0.32023707179570887,-0.22725211084677988,0,0.10408706145968616,-0.22725211084677988,0.0,0.0
2023-01-03,A_均值,0.10276997805854311,0.3682199560577355,-0.22714697143585605,0,0.10276997805854311,-0.22714697143585605,0.0,0.0
2023-01-03,A_中位数,0.10212970592422271,0.36826991837111733,-0.22713640362854925,0,0.10212970592422271,-0.22713640362854925,0.0,0.0
2023-01-03,B_均值,0.12497006784931257,0.46402148477974087,-0.22710832253032287,1,0.10103295533912338,-0.22710832253032287,0.023937112510189193,0.0
2023-01-03,B_中位数,0.12545304723254455,0.46389663505050704,-0.2271195803953414,1,0.10117475770591804,-0.2271195803953414,0.024278289526626515,0.0
2023-01-03,C_均值,0.10233979429769556,0.36542828789072945,-0.22715360005624396,0,0.10233979429769556,-0.22715360005624396,0.0,0.0
2023-01-03,C_中位数,0.10176406473952801,0.3681934431749544,-0.2271367554028988,0,0.10176406473952801,-0.2271367554028988,0.0,0.0
2023-01-03,单窗3年,0.10243572809493455,0.40770666445476117,-0.22712838479556507,1,0.10070424111145426,-0.22712838479556507,0.0017314869834802876,0.0
2023-01-03,单窗5年,0.126807652068625,0.46091216973599153,-0.2271355559456958,1,0.10294445949947038,-0.2271355559456958,0.023863192569154604,0.0
2023-01-03,单窗10年,0.10406948941110807,0.3229367368765049,-0.22727856978052097,0,0.10406948941110807,-0.22727856978052097,0.0,0.0
2023-01-03,扩展窗口,0.10408706145968616,0.32023707179570887,-0.22725211084677988,0,0.10408706145968616,-0.22725211084677988,0.0,0.0
2023-04-03,规则书15年,0.10880777953867533,0.38534567567416295,-0.20695080796686915,0,0.10880777953867533,-0.20695080796686915,0.0,0.0
2023-04-03,A_均值,0.10849791966100525,0.4084697342413297,-0.2068565561955883,0,0.10849791966100525,-0.2068565561955883,0.0,0.0
2023-04-03,A_中位数,0.10773836557551078,0.4083552312679372,-0.20685124097192897,0,0.10773836557551078,-0.20685124097192897,0.0,0.0
2023-04-03,B_均值,0.13243723959620363,0.5008012887630752,-0.20682505931335116,1,0.10749207642044047,-0.20682505931335116,0.02494516317576316,0.0
2023-04-03,B_中位数,0.13266590761312202,0.4787895001802994,-0.2068091137212621,1,0.10737765769226196,-0.2068091137212621,0.025288249920860068,0.0
2023-04-03,C_均值,0.1077786823193361,0.40835499970535755,-0.20686725566273712,0,0.1077786823193361,-0.20686725566273712,0.0,0.0
2023-04-03,C_中位数,0.10719772260476211,0.40824677299201595,-0.20687487685668726,0,0.10719772260476211,-0.20687487685668726,0.0,0.0
2023-04-03,单窗3年,0.10880969630522315,0.45636169490009915,-0.20682588258585533,1,0.10701106128684246,-0.20682588258585533,0.0017986350183806926,0.0
2023-04-03,单窗5年,0.1333989654142584,0.49570500456711336,-0.20687722291225275,1,0.10862212589555507,-0.20687722291225275,0.02477683951870334,0.0
2023-04-03,单窗10年,0.1084214938083411,0.3792599054024439,-0.20694316556604764,0,0.1084214938083411,-0.20694316556604764,0.0,0.0
2023-04-03,扩展窗口,0.10880777953867533,0.38534567567416295,-0.20695080796686915,0,0.10880777953867533,-0.20695080796686915,0.0,0.0
2023-07-03,规则书15年,0.11354119631255416,0.4263114638588962,-0.20771421844170268,0,0.11354119631255416,-0.20771421844170268,0.0,0.0
2023-07-03,A_均值,0.11442192710180583,0.4546458605825165,-0.20761003873626294,0,0.11442192710180583,-0.20761003873626294,0.0,0.0
2023-07-03,A_中位数,0.11349989030759247,0.4547232885989316,-0.20759023588588932,0,0.11349989030759247,-0.20759023588588932,0.0,0.0
2023-07-03,B_均值,0.14012667926382188,0.5634686928728779,-0.2075823999578632,1,0.1140943760011102,-0.2075823999578632,0.02603230326271168,0.0
2023-07-03,B_中位数,0.14027275903506245,0.5633434734830288,-0.2075713698550471,1,0.11386244809632111,-0.2075713698550471,0.02641031093874134,0.0
2023-07-03,C_均值,0.11329285408737791,0.4544298391682952,-0.2076261626971172,0,0.11329285408737791,-0.2076261626971172,0.0,0.0
2023-07-03,C_中位数,0.112597158391735,0.45456083851064033,-0.20761407477278726,0,0.112597158391735,-0.20761407477278726,0.0,0.0
2023-07-03,单窗3年,0.11571161964216188,0.5122832581365755,-0.20756425115162214,1,0.11383738351954875,-0.20756425115162214,0.0018742361226131293,0.0
2023-07-03,单窗5年,0.14005234346876877,0.5599220546313473,-0.2076135248759884,1,0.11430093479162722,-0.2076135248759884,0.025751408677141555,0.0
2023-07-03,单窗10年,0.1128692534792947,0.4260428198048158,-0.2077262801905163,0,0.1128692534792947,-0.2077262801905163,0.0,0.0
2023-07-03,扩展窗口,0.11354119631255416,0.4263114638588962,-0.20771421844170268,0,0.11354119631255416,-0.20771421844170268,0.0,0.0
2023-10-09,规则书15年,0.12187024689678985,0.5680014692716423,-0.15189119197433343,0,0.12187024689678985,-0.15189119197433343,0.0,0.0
2023-10-09,A_均值,0.12531424176516706,0.5744723144243598,-0.15183866170036342,0,0.12531424176516706,-0.15183866170036342,0.0,0.0
2023-10-09,A_中位数,0.12438556662448833,0.5545555271951398,-0.15185338961801953,0,0.12438556662448833,-0.15185338961801953,0.0,0.0
2023-10-09,B_均值,0.1543817875725566,0.6736310701635605,-0.15179719759879118,1,0.12638731906686765,-0.15179719759879118,0.027994468505688958,0.0
2023-10-09,B_中位数,0.1539201936832069,0.6734730822842661,-0.1518239732488078,1,0.12553001173791276,-0.1518239732488078,0.028390181945294135,0.0
2023-10-09,C_均值,0.12314025389546011,0.5742422232767208,-0.1518725102866515,0,0.12314025389546011,-0.1518725102866515,0.0,0.0
2023-10-09,C_中位数,0.12277250678778896,0.5544090900371276,-0.15186704015155805,0,0.12277250678778896,-0.15186704015155805,0.0,0.0
2023-10-09,单窗3年,0.129516242579759,0.6338733623086599,-0.1517450296702023,1,0.1274989124410186,-0.1517450296702023,0.002017330138740392,0.0
2023-10-09,单窗5年,0.15285630003529815,0.6698493150513616,-0.15183156519639396,1,0.12526473186020712,-0.15183156519639396,0.027591568175091036,0.0
2023-10-09,单窗10年,0.12022313757294818,0.5677444018361065,-0.1519384707479523,0,0.12022313757294818,-0.1519384707479523,0.0,0.0
2023-10-09,扩展窗口,0.12187024689678985,0.5680014692716423,-0.15189119197433343,0,0.12187024689678985,-0.15189119197433343,0.0,0.0
