百分位方法,日期,事件,T-1日S,成交价
规则书15年,2015-06-29,清仓,4.7,4857.12
规则书15年,2016-01-29,恢复回补,61.9,3444.77
规则书15年,2018-02-08,清仓,11.9,4896.38
规则书15年,2018-06-26,恢复回补,59.0,4346.47
规则书15年,2021-03-09,清仓,11.1,6477.41
规则书15年,2022-03-16,恢复回补,66.9,5511.51
A_均值,2018-02-08,清仓,15.2,4896.38
A_均值,2018-05-31,恢复回补,64.1,4652.62
A_均值,2021-03-09,清仓,8.8,6477.41
A_均值,2022-03-09,恢复回补,59.6,5604.69
A_中位数,2018-02-08,清仓,15.2,4896.38
A_中位数,2018-05-31,恢复回补,64.1,4652.62
A_中位数,2021-03-09,清仓,7.8,6477.41
A_中位数,2022-03-09,恢复回补,62.6,5604.69
B_均值,2018-02-08,清仓,10.5,4896.38
B_均值,2018-05-31,恢复回补,64.6,4652.62
B_均值,2020-11-02,清仓,23.4,6147.5
B_均值,2022-03-09,恢复回补,62.7,5604.69
B_均值,2026-07-24,清仓,24.1,6952.09
B_均值,2026-09-29,恢复回补,58.1,6527.85
B_中位数,2018-02-08,清仓,11.2,4896.38
B_中位数,2018-05-31,恢复回补,65.1,4652.62
B_中位数,2021-03-09,清仓,10.2,6477.41
B_中位数,2022-03-10,恢复回补,60.5,5692.87
B_中位数,2026-07-24,清仓,24.8,6952.09
B_中位数,2026-09-29,恢复回补,61.1,6527.85
C_均值,2021-03-09,清仓,9.5,6477.41
C_均值,2022-03-09,恢复回补,58.2,5604.69
C_中位数,2021-03-09,清仓,9.5,6477.41
C_中位数,2022-03-09,恢复回补,61.5,5604.69
单窗3年,2015-06-29,清仓,5.7,4857.12
单窗3年,2018-05-03,恢复回补,59.1,4629.82
单窗3年,2021-03-09,清仓,7.6,6477.41
单窗3年,2022-03-09,恢复回补,63.8,5604.69
单窗3年,2025-11-25,清仓,12.2,6608.54
单窗5年,2018-02-08,清仓,11.7,4896.38
单窗5年,2018-06-22,恢复回补,58.7,4441.3
单窗5年,2021-03-09,清仓,7.1,6477.41
单窗5年,2022-03-09,恢复回补,64.3,5604.69
单窗5年,2026-07-24,清仓,24.4,6952.09
单窗10年,2022-01-14,清仓,24.7,6268.27
单窗10年,2022-03-16,恢复回补,66.4,5511.51
扩展窗口,2015-06-29,清仓,4.7,4857.12
扩展窗口,2016-01-29,恢复回补,61.9,3444.77
扩展窗口,2018-02-08,清仓,11.9,4896.38
扩展窗口,2018-06-26,恢复回补,59.0,4346.47
扩展窗口,2021-03-09,清仓,11.1,6477.41
扩展窗口,2022-03-16,恢复回补,66.9,5511.51
