子区间,百分位方法,TWR区间收益,最大回撤,平均仓位,区间内事件
2015泡沫(2014-11~2016-02),规则书15年,0.5787670191238001,-0.23766029100094765,0.5364986204094093,清仓2015-06-29；恢复回补2016-01-29
2018熊市(2018-01-24~2019-01-04),规则书15年,-0.20718998577145442,-0.22702161777076446,0.6173906758857861,清仓2018-02-08；恢复回补2018-06-26
2021高点前后(2020-07~2022-10),规则书15年,0.03340753563903731,-0.26664163282523656,0.562601791653554,清仓2021-03-09；恢复回补2022-03-16
2024年以来(2024-01~2026-09),规则书15年,0.3716977568124826,-0.15169337124216253,0.9999987159951148,
2015泡沫(2014-11~2016-02),A_均值,,,,
2018熊市(2018-01-24~2019-01-04),A_均值,-0.10184240206972128,-0.17050896659136683,0.6763170567364177,清仓2018-02-08；恢复回补2018-05-31
2021高点前后(2020-07~2022-10),A_均值,0.015949378208469422,-0.27902909674762433,0.5714211596741032,清仓2021-03-09；恢复回补2022-03-09
2024年以来(2024-01~2026-09),A_均值,0.37138720797108005,-0.1517186126821991,0.99999114125156,
2015泡沫(2014-11~2016-02),A_中位数,,,,
2018熊市(2018-01-24~2019-01-04),A_中位数,-0.10181611501894283,-0.17048625877156465,0.6763170567364177,清仓2018-02-08；恢复回补2018-05-31
2021高点前后(2020-07~2022-10),A_中位数,0.01591458625199582,-0.2790334042437499,0.5713882433207439,清仓2021-03-09；恢复回补2022-03-09
2024年以来(2024-01~2026-09),A_中位数,0.37139478054072317,-0.1517230560576267,0.9999928852485399,
2015泡沫(2014-11~2016-02),B_均值,,,,
2018熊市(2018-01-24~2019-01-04),B_均值,-0.261069393704345,-0.2795448720173287,0.691280580292922,清仓2018-02-08；恢复回补2018-05-31
2021高点前后(2020-07~2022-10),B_均值,-0.03580900287363109,-0.21123930624760068,0.42151280564690274,清仓2020-11-02；恢复回补2022-03-09
2024年以来(2024-01~2026-09),B_均值,0.451566661732381,-0.15169964439378836,0.9309223254182923,清仓2026-07-24；恢复回补2026-09-29
2015泡沫(2014-11~2016-02),B_中位数,,,,
2018熊市(2018-01-24~2019-01-04),B_中位数,-0.26120539753380045,-0.27967707310470025,0.691280580292922,清仓2018-02-08；恢复回补2018-05-31
2021高点前后(2020-07~2022-10),B_中位数,0.0002549365924711111,-0.29015083637212713,0.569630140087125,清仓2021-03-09；恢复回补2022-03-10
2024年以来(2024-01~2026-09),B_中位数,0.4515464935369151,-0.15170808497178367,0.9309252682969702,清仓2026-07-24；恢复回补2026-09-29
2015泡沫(2014-11~2016-02),C_均值,,,,
2018熊市(2018-01-24~2019-01-04),C_均值,,,,
2021高点前后(2020-07~2022-10),C_均值,0.01570103213282259,-0.2791895254897637,0.571399940012717,清仓2021-03-09；恢复回补2022-03-09
2024年以来(2024-01~2026-09),C_均值,0.37113924748079463,-0.15175074331330107,0.9999932185438251,
2015泡沫(2014-11~2016-02),C_中位数,,,,
2018熊市(2018-01-24~2019-01-04),C_中位数,,,,
2021高点前后(2020-07~2022-10),C_中位数,0.015612025962273401,-0.27925269031681244,0.5714011202865515,清仓2021-03-09；恢复回补2022-03-09
2024年以来(2024-01~2026-09),C_中位数,0.3711778903813445,-0.15174616131023044,0.9999945186547664,
2015泡沫(2014-11~2016-02),单窗3年（账户自2014-11-11建立）,0.11293479094411984,-0.2186384364670959,0.4822085402914444,清仓2015-06-29
2018熊市(2018-01-24~2019-01-04),单窗3年,-0.18619587766900536,-0.23148874729600233,0.7303267738041531,恢复回补2018-05-03
2021高点前后(2020-07~2022-10),单窗3年,0.015991523327769874,-0.2789889099933901,0.5714025372199493,清仓2021-03-09；恢复回补2022-03-09
2024年以来(2024-01~2026-09),单窗3年,0.37746096713141575,-0.15167600937279735,0.687681441494938,清仓2025-11-25
2015泡沫(2014-11~2016-02),单窗5年,,,,
2018熊市(2018-01-24~2019-01-04),单窗5年,-0.15016416957586476,-0.17003388494484906,0.5782608695652174,清仓2018-02-08；恢复回补2018-06-22
2021高点前后(2020-07~2022-10),单窗5年,0.015891799170310472,-0.27906270258887045,0.5714070015515812,清仓2021-03-09；恢复回补2022-03-09
2024年以来(2024-01~2026-09),单窗5年,0.4487889731585233,-0.15171838370038615,0.9279210201508896,清仓2026-07-24
2015泡沫(2014-11~2016-02),单窗10年,,,,
2018熊市(2018-01-24~2019-01-04),单窗10年,,,,
2021高点前后(2020-07~2022-10),单窗10年,,,,
2024年以来(2024-01~2026-09),单窗10年,0.3705072733331074,-0.15183292805217696,0.9999984064608226,
2015泡沫(2014-11~2016-02),扩展窗口（账户自2014-11-11建立）,0.13017065574225395,-0.23772981108974667,0.535909406382562,清仓2015-06-29；恢复回补2016-01-29
2018熊市(2018-01-24~2019-01-04),扩展窗口,-0.20832269546311133,-0.2281146252658791,0.6173703730579938,清仓2018-02-08；恢复回补2018-06-26
2021高点前后(2020-07~2022-10),扩展窗口,0.033137491525625506,-0.2668014435453171,0.5625601729732874,清仓2021-03-09；恢复回补2022-03-16
2024年以来(2024-01~2026-09),扩展窗口,0.3711258401716264,-0.15175524542492969,0.9999971344095153,
2015泡沫(2014-11~2016-02),沪深300买入持有,0.1267111936925629,-0.46058855289830947,1.0,
2018熊市(2018-01-24~2019-01-04),沪深300买入持有,-0.29177933108191434,-0.30949611788052456,1.0,
2021高点前后(2020-07~2022-10),沪深300买入持有,-0.11515994540311669,-0.3720781494671328,1.0,
2024年以来(2024-01~2026-09),沪深300买入持有,0.372054281271875,-0.1516496888077674,1.0,
