S构成,百分位方法,清仓阈值,回补阈值,累计本金,期末价值,总盈利率,XIRR,XIRR连续复利,TWR年化,年化波动,夏普,最大回撤,卡玛,年换手率,平均仓位,清仓次数,回补次数,定投成交次数,交易次数,起始日,对照1_同入金不卖XIRR,对照1_MDD,对照1_夏普,对照2_等额定投XIRR,XIRR−对照1,夏普−对照1
S(规则书:PB+DY+ERP),规则书15年,25.0,58.0,109628.97652713467,142414.65922884387,0.29906037382000283,0.08757198904064502,0.0839476786087733,0.0919810620171404,0.1755834564210538,0.5890446569324984,-0.3186080213912451,0.2886966298446995,0.03873967461557609,0.8680124997297541,1,1,1344,1346,2019-01-02,0.08126023035830822,-0.4166531011480643,0.45613979322865256,0.0402912616625481,0.006311758682336799,0.13290486370384585
S(规则书:PB+DY+ERP),A_均值,25.0,58.0,131456.76940888978,173871.5927595324,0.32265225702233247,0.08194420177941311,0.07875960957458546,0.09021114388968376,0.1774171051369841,0.5756451072965009,-0.32984387892015976,0.2734964922951315,0.048639539597893994,0.8707207394503901,1,1,1188,1190,2019-01-02,0.0750397435762431,-0.41659296097279164,0.4592652345090461,0.04029126166254743,0.006904458203170011,0.11637987278745476
S(规则书:PB+DY+ERP),A_中位数,25.0,58.0,141709.18988329137,186868.53972343783,0.31867622613140845,0.08071516182180503,0.077623008859183,0.08956283690377154,0.17749222015852545,0.5721241897763106,-0.3298129859058049,0.27155642964692367,0.049338067365688985,0.8707052888407263,1,1,1222,1224,2019-01-02,0.07371870185800099,-0.4165448276642941,0.45589813344122987,0.0402912616625476,0.006996459963804047,0.11622605633508076
S(规则书:PB+DY+ERP),B_均值,25.0,58.0,130894.76103216092,182135.08436837088,0.39146198772325325,0.09495906468837736,0.09071697872344003,0.09220390032037895,0.16986492590472854,0.6042389996240703,-0.2668351755152949,0.34554627268432925,0.3748514174469995,0.8010468847937877,2,2,1147,1151,2019-01-02,0.07456290320868987,-0.41665178857226104,0.466044959595823,0.04029126166254808,0.020396161479687494,0.13819404002824737
S(规则书:PB+DY+ERP),B_中位数,25.0,58.0,137317.18394470593,192465.21311535267,0.4016105456463004,0.09779347168222968,0.09330223038817768,0.09741902159621052,0.17562099175074425,0.6172539789048765,-0.3402263186071296,0.2863359366054906,0.37843140453322177,0.8457109501364466,2,2,1161,1165,2019-01-02,0.0752761859655608,-0.416567019836369,0.4661355884518202,0.040291261662547526,0.02251728571666889,0.15111839045305636
S(规则书:PB+DY+ERP),C_均值,25.0,58.0,131843.32544690734,172208.63078814658,0.30616115912135533,0.08302344542294722,0.07975661637450518,0.08959905017141034,0.17748541664490106,0.5723260952677082,-0.3299155088436396,0.27158180737079257,0.04329808083461931,0.8707126437847962,1,1,1295,1297,2019-01-02,0.07684752845870052,-0.41665292087006456,0.45605663148440667,0.04029126166254783,0.0061759169642467,0.1162694637833015
S(规则书:PB+DY+ERP),C_中位数,25.0,58.0,139255.62760705393,181361.55653203698,0.30236428967736884,0.08218504262259907,0.07898218486190085,0.08958950334014837,0.1774854319994426,0.5722766861149794,-0.3299793023510784,0.27150037199857596,0.0411751970902999,0.8707135027781168,1,1,1319,1321,2019-01-02,0.07631321021565962,-0.41671071440589225,0.45600822260439805,0.04029126166254808,0.005871832406939448,0.11626846351058134
S(规则书:PB+DY+ERP),单窗3年,25.0,58.0,134424.45270714635,181895.92941018005,0.35314614080262485,0.07933592974544501,0.07634597215464879,0.0917890095055276,0.16734857544038123,0.6085332756421447,-0.3297053364628676,0.2783970999385542,0.20597111621508865,0.760078524844479,2,1,1120,1123,2019-01-02,0.06988541253742069,-0.41645249566194287,0.4642932334067053,0.04029126166254809,0.009450517208024325,0.14424004223543935
S(规则书:PB+DY+ERP),单窗5年,25.0,58.0,141022.06829969696,197713.3864810766,0.4020031677659166,0.0960044722974362,0.0916712690808525,0.09734362954798437,0.1757935229436106,0.6164291018819574,-0.32974976821163027,0.2952045427534922,0.2169208728772083,0.8451874472753566,2,1,1186,1189,2019-01-02,0.07268746584051643,-0.4165008207330244,0.4558415545138348,0.0402912616625481,0.023317006456919767,0.16058754736812264
S(规则书:PB+DY+ERP),单窗10年,25.0,58.0,,,,,,,,,,,,,,,,,,,,,,,
S(规则书:PB+DY+ERP),扩展窗口,25.0,58.0,109628.97652713467,142414.65922884387,0.29906037382000283,0.08757198904064502,0.0839476786087733,0.0919810620171404,0.1755834564210538,0.5890446569324984,-0.3186080213912451,0.2886966298446995,0.03873967461557609,0.8680124997297541,1,1,1344,1346,2019-01-02,0.08126023035830822,-0.4166531011480643,0.45613979322865256,0.0402912616625481,0.006311758682336799,0.13290486370384585
