指标,规格,线性映射夏普差,三档映射夏普差,三档映射交易次数,空仓2%：年化,空仓2%：夏普差(超额rf)
ERP,A_均值,0.14549739637944337,0.07385989041941154,61.0,0.08604918115445015,0.15669609333317147
ERP,A_中位数,0.12236952906498932,0.052095150490355735,69.0,0.08424595378294408,0.13293922772970934
ERP,B_均值,0.11100499222167404,0.009866885662628333,85.0,0.08087934501371152,0.12347983830571585
ERP,B_中位数,0.14602861128916234,0.09308849299729927,99.0,0.08757615686461384,0.1586068270415868
ERP,C_均值,0.125771925661748,0.061305667415295195,65.0,0.08321901841073531,0.1344873068269249
ERP,C_中位数,0.08818393353262832,0.04048043208905361,67.0,0.07813930409255221,0.09644159044103506
ERP,单窗3年,0.1343015193557776,0.127734779181517,91.0,0.08501145752438077,0.15150262766019307
ERP,单窗5年,0.1355194819000567,0.01935518524437385,75.0,0.08603076583591385,0.14634857382892108
ERP,扩展窗口,0.19067031845298132,0.12446366701389255,74.0,0.08499541304624159,0.20149051913020943
PE,A_均值,0.1739639804762343,-0.03560996296050184,87.0,0.08014556347439106,0.1941463364863545
PE,A_中位数,0.10364616916015046,-0.005903046908753706,92.0,0.07374059875117012,0.12356377197217805
PE,B_均值,0.09661611991999375,-0.10483304560150158,77.0,0.0713378824920563,0.11730404915420267
PE,B_中位数,0.1374763944487144,0.006295430591165718,89.0,0.07686974069466412,0.15822354235994618
PE,C_均值,0.15199286753442476,0.03996822413448675,64.0,0.07605601705718112,0.17118083693589792
PE,C_中位数,0.12353362470274709,-0.016696829274550462,76.0,0.07384500642898706,0.14313561607671543
PE,单窗3年,0.0619818064805705,0.16995116889573747,113.0,0.06974743050233001,0.08603478176254159
PE,单窗5年,0.16026603002556494,0.0705106421698124,98.0,0.08097661336372597,0.17955030322009946
PE,扩展窗口,0.18348983773448369,0.038088463533919925,32.0,0.06667737204027047,0.20726578828777698
PB,A_均值,0.2955372518075926,0.17574852848955536,69.0,0.10642589552327619,0.30984883547049336
PB,A_中位数,0.3235570590705823,0.25274301637441665,65.0,0.11150509619587701,0.33714993880378563
PB,B_均值,0.294457298160937,0.21190214505213234,103.0,0.10402966787910928,0.31030552847669146
PB,B_中位数,0.30834028459074714,0.2778847771934011,97.0,0.10762401091974794,0.32388649545815995
PB,C_均值,0.3095320595226111,0.24932628307640303,85.0,0.11031252970732308,0.3209602056035301
PB,C_中位数,0.30663028814457916,0.25286043911478884,83.0,0.11016177320027287,0.31806494843730204
PB,单窗3年,0.30892721996721717,0.13128459609534404,101.0,0.10526589542554254,0.32916701618122446
PB,单窗5年,0.3244065282694426,0.2512983708480627,81.0,0.11164224769975717,0.33907115817294065
PB,扩展窗口,0.3017844786735804,0.273260471812518,65.0,0.11133996764525089,0.3103662570011333
DY,A_均值,0.15843335669904857,0.18571862852078547,65.0,0.08537185155110927,0.17018296593588145
DY,A_中位数,0.1446795770427165,0.1586474044040176,84.0,0.0851031603126442,0.15620410481442726
DY,B_均值,0.17808613489010905,0.07082033253881614,83.0,0.08731382094768003,0.1919611753657372
DY,B_中位数,0.1715814339679731,0.22857699126888242,73.0,0.0865169097188383,0.18506478744198507
DY,C_均值,0.16032271217250937,0.12651299166691166,88.0,0.08638827007888605,0.16997293781588196
DY,C_中位数,0.15470207454210227,0.09802936317430444,78.0,0.08616867917872617,0.16411386739656553
DY,单窗3年,0.15749818465460885,0.17080022067140188,105.0,0.08518165482593809,0.1755636068290679
DY,单窗5年,0.19634638325268128,0.12494212363471202,84.0,0.09269442468572597,0.2090600788292396
DY,扩展窗口,0.12528459950707416,0.22981259024617884,70.0,0.08005724925038638,0.135546988368352
综合,A_均值,0.22374684985879945,0.13945099548177609,73.0,0.09342377350046571,0.23696050685544878
综合,A_中位数,0.18488502641474513,0.1374295291629397,93.0,0.08999745178471641,0.19763674060307312
综合,B_均值,0.18900641624291903,0.11408066145517226,111.0,0.08796372320008272,0.2036521593679721
综合,B_中位数,0.21009125835713827,0.11947829155573553,101.0,0.09199753434751679,0.22471157740927294
综合,C_均值,0.21876241306474098,0.10318767383414928,75.0,0.0925624922220829,0.22920492472548526
综合,C_中位数,0.19987038098626164,0.12376378013396305,89.0,0.0910451759774451,0.21066061799086655
综合,单窗3年,0.17145186451853867,0.13575197558927854,123.0,0.08650803908611304,0.1900688390686044
综合,单窗5年,0.2244234509655222,0.14735152343038427,97.0,0.09513891046151746,0.23752185492085354
综合,扩展窗口,0.23654155356702544,0.1872587186206105,75.0,0.09004059940226883,0.2475333090169819
