指标,规格,阈值,年化收益,年化波动,夏普,最大回撤,卡玛,年换手率,平均仓位,交易次数,起始日,结束日,年数,夏普差,超额年化,同仓位静态MDD
ERP,A_均值,20/80,0.02155947412791459,0.14379792398301294,0.2198995532123839,-0.24854892747200075,0.08674136857960606,5.723945647623729,0.7528483786152498,249,2022-01-17,2026-09-30,4.6995554563253785,0.0903583297478166,0.014283537039755156,-0.23841373220469342
ERP,A_中位数,20/80,0.01803471868931017,0.1471146044281289,0.19473698770506298,-0.25727191463136356,0.07009983470271725,5.468602347357987,0.7751971954425942,237,2022-01-17,2026-09-30,4.6995554563253785,0.06519576424049567,0.010758781601150735,-0.24493387123208032
ERP,B_均值,20/80,0.01482760045233733,0.14151083171481477,0.17442705421463167,-0.25292206361204705,0.058625175837095575,5.936731731178514,0.7274320771253286,253,2022-01-17,2026-09-30,4.6995554563253785,0.04488583075006436,0.007551663364177896,-0.23095791038010394
ERP,B_中位数,20/80,0.01782600263321532,0.1441048999505026,0.19432634353244052,-0.24701637078421823,0.07216526814243931,5.468602347357987,0.7431200701139352,230,2022-01-17,2026-09-30,4.6995554563253785,0.06478512006787321,0.010550065545055887,-0.2355650693354815
ERP,C_均值,20/80,0.025916917967607978,0.14834631383272187,0.24631409436321008,-0.24219983513891985,0.10700634025098602,4.936637138471022,0.801489921121823,217,2022-01-17,2026-09-30,4.6995554563253785,0.11677287089864277,0.018640980879448543,-0.25256154830237
ERP,C_中位数,20/80,0.018297451485009608,0.15011928910556424,0.1955315986185322,-0.26207315933346254,0.06981810549216864,5.085587396959372,0.8161262050832603,225,2022-01-17,2026-09-30,4.6995554563253785,0.06599037515396489,0.011021514396850174,-0.2567873941710537
ERP,单窗3年,20/80,0.01161267815394007,0.13553565782288868,0.15265054791568508,-0.2565309945062223,0.045268129008319107,5.170701830381287,0.6619631901840491,208,2022-01-17,2026-09-30,4.6995554563253785,0.02310932445111777,0.004336741065780636,-0.2115539694766434
ERP,单窗5年,20/80,0.018821343757979836,0.14528428224436818,0.20067308439477272,-0.26728904070253967,0.07041569571468406,5.213259047092245,0.7564417177914111,226,2022-01-17,2026-09-30,4.6995554563253785,0.0711318609302054,0.011545406669820402,-0.23946433394966737
ERP,单窗10年,20/80,0.0392759060289094,0.14574200624969325,0.3368327006465185,-0.21759003701345148,0.1805041562012389,4.957915746826502,0.7999123575810693,221,2022-01-17,2026-09-30,4.6995554563253785,0.20729147718195118,0.03199996894074997,-0.25210520338177866
ERP,扩展窗口,20/80,0.038051166774081935,0.13586852202367392,0.34249555392650066,-0.21438715797804042,0.17748808805973115,5.553716780779901,0.7419807186678351,249,2022-01-17,2026-09-30,4.6995554563253785,0.21295433046193335,0.0307752296859225,-0.2352310267216099
PE,A_均值,20/80,0.012721027947404817,0.11451190882002406,0.16736132628248643,-0.20597298086871796,0.06176066343144727,5.447323739002508,0.5294478527607362,236,2022-01-17,2026-09-30,4.6995554563253785,0.037820102817919116,0.005445090859245383,-0.1714117896416979
PE,A_中位数,20/80,0.009191640598749773,0.11843091314132496,0.13617505991601844,-0.21601086723966445,0.04255175082720089,5.70266703926825,0.5517090271691498,246,2022-01-17,2026-09-30,4.6995554563253785,0.0066338364514511305,0.0019157035105903386,-0.17823556369346227
PE,B_均值,20/80,0.002611158750525533,0.11530894177938866,0.08004483150133518,-0.21636204893732536,0.012068469324220163,5.745224255979207,0.5319894829097284,246,2022-01-17,2026-09-30,4.6995554563253785,-0.049496391963232134,-0.004664778337633901,-0.1721925095047091
PE,B_中位数,20/80,0.009981533958272282,0.11584167195323618,0.14337410054606983,-0.21300646266719758,0.04686023998186141,5.958010339533993,0.5403155127081507,258,2022-01-17,2026-09-30,4.6995554563253785,0.01383287708150252,0.0027055968701128474,-0.17474710382683345
PE,C_均值,20/80,0.017009822103453365,0.11429808833855089,0.20439698167981146,-0.20323732280002338,0.08369438186405498,5.745224255979207,0.5368098159509203,250,2022-01-17,2026-09-30,4.6995554563253785,0.07485575821524415,0.00973388501529393,-0.17367203378270502
PE,C_中位数,20/80,0.013639592979630244,0.11784783124263747,0.17358916766782773,-0.2110293111396223,0.06463364215128364,6.255910856510693,0.5494303242769502,270,2022-01-17,2026-09-30,4.6995554563253785,0.044047944203260414,0.00636365589147081,-0.17753854735496222
PE,单窗3年,20/80,-0.0046866397679654614,0.11460970292060783,0.016074293413150215,-0.22785944986500783,-0.020568116752419072,4.489786363005973,0.5059596844872918,176,2022-01-17,2026-09-30,4.6995554563253785,-0.1134669300514171,-0.011962576856124896,-0.16417706382207753
PE,单窗5年,20/80,0.012523793683808293,0.11773104904274576,0.16429347520671786,-0.20943300450855384,0.05979856762880363,6.128239206377822,0.5496056091148116,262,2022-01-17,2026-09-30,4.6995554563253785,0.03475225174215055,0.005247856595648859,-0.17759217599665234
PE,单窗10年,20/80,0.029560038702793,0.10603981225285525,0.3273552565270877,-0.18819766167586305,0.15706910723314355,5.383487913936072,0.5050832602979842,237,2022-01-17,2026-09-30,4.6995554563253785,0.19781403306252038,0.022284101614633567,-0.16390642109058973
PE,扩展窗口,20/80,0.023803249202994037,0.09149926106855268,0.30257928254189154,-0.16043988003877907,0.14836242209381284,5.383487913936073,0.41411042944785276,241,2022-01-17,2026-09-30,4.6995554563253785,0.17303805907732422,0.016527312114834602,-0.13554564836639693
PB,A_均值,20/80,0.02881899351469519,0.13927961189933866,0.2731723491740303,-0.23835977108560136,0.12090544215343084,5.638831214201815,0.7179666958808063,240,2022-01-17,2026-09-30,4.6995554563253785,0.14363112570946301,0.021543056426535756,-0.22817020140506372
PB,A_中位数,20/80,0.03604052114680889,0.14180654237044915,0.320147690831321,-0.23575439804375264,0.15287316565827241,5.596273997490858,0.7382120946538124,238,2022-01-17,2026-09-30,4.6995554563253785,0.19060646736675368,0.028764584058649456,-0.23412549636375202
PB,B_均值,20/80,0.026593376996889573,0.13504806781557416,0.2613731101168911,-0.24275044540467572,0.1095502706598838,6.192075031444257,0.6807186678352323,264,2022-01-17,2026-09-30,4.6995554563253785,0.13183188665232382,0.01931743990873014,-0.21714196565423838
PB,B_中位数,20/80,0.028613780519484378,0.13773406119049114,0.27323462605532395,-0.2370407757505537,0.12071248260508419,6.724040240331221,0.701840490797546,282,2022-01-17,2026-09-30,4.6995554563253785,0.14369340259075664,0.021337843431324943,-0.22340698100020862
PB,C_均值,20/80,0.03588911449580201,0.14530718961201095,0.31490614870783235,-0.23666660894769476,0.15164418274034508,5.000472963537458,0.7752848378615251,217,2022-01-17,2026-09-30,4.6995554563253785,0.18536492524326503,0.028613177407642576,-0.24495937424690628
PB,C_中位数,20/80,0.035727410170233176,0.14598102689909132,0.31305184679819914,-0.23690385545312065,0.1508097455902445,5.4260451306470285,0.7787028921998247,237,2022-01-17,2026-09-30,4.6995554563253785,0.18351062333363183,0.02845147308207374,-0.2459535882435696
PB,单窗3年,20/80,0.021715104643068583,0.1285976080984647,0.2308890342313871,-0.24314689461211003,0.08930858310039487,5.319652088869637,0.6137598597721298,213,2022-01-17,2026-09-30,4.6995554563253785,0.10134781076681978,0.01443916755490915,-0.1970854417928659
PB,单窗5年,20/80,0.03492786043536644,0.13951305459392735,0.3153688400302973,-0.23361587386810467,0.14950979082477112,5.745224255979208,0.7157756354075373,245,2022-01-17,2026-09-30,4.6995554563253785,0.18582761656573,0.027651923347207008,-0.22752404443197782
PB,单窗10年,20/80,0.040004980323742556,0.1486833286181227,0.3378337145803019,-0.22878097677553055,0.17486148056354187,5.191980438736765,0.8085889570552147,230,2022-01-17,2026-09-30,4.6995554563253785,0.2082924911157346,0.03272904323558312,-0.25461301917537116
PB,扩展窗口,20/80,0.038008267433770504,0.15063293025090518,0.322637475071028,-0.2362926921157933,0.1608524880453978,4.766408271627195,0.823312883435583,210,2022-01-17,2026-09-30,4.6995554563253785,0.1930962516064607,0.03073233034561107,-0.25885705476975696
DY,A_均值,20/80,0.03955389729617709,0.14422662749068949,0.3407254624481782,-0.23927426700983945,0.16530777751604417,4.4259505379395385,0.7751971954425942,165,2022-01-17,2026-09-30,4.6995554563253785,0.21118423898361088,0.03227796020801765,-0.24493387123208032
DY,A_中位数,20/80,0.03963157009881324,0.14752972029923941,0.33690874425677453,-0.24052673803482283,0.16476991465736954,4.4259505379395385,0.797370727432077,157,2022-01-17,2026-09-30,4.6995554563253785,0.20736752079220722,0.032355633010653806,-0.25136962740828284
DY,B_均值,20/80,0.04109505790425416,0.14211485516543088,0.3540675553929577,-0.24177786042303928,0.16997031007036809,5.383487913936073,0.7478527607361963,188,2022-01-17,2026-09-30,4.6995554563253785,0.2245263319283904,0.03381912081609473,-0.2369516987641791
DY,B_中位数,20/80,0.041706870972852306,0.1422587175705453,0.3580075444221124,-0.23909079368263586,0.17443946849836944,5.234537655447723,0.7514460999123576,187,2022-01-17,2026-09-30,4.6995554563253785,0.2284663209575451,0.03443093388469287,-0.2380035060156649
DY,C_均值,20/80,0.03968071673679052,0.15031125204560294,0.3337428187506888,-0.23903314364958894,0.16600508252094337,3.5535275953649172,0.8274320771253286,132,2022-01-17,2026-09-30,4.6995554563253785,0.20420159528612147,0.03240477964863109,-0.2600417466275634
DY,C_中位数,20/80,0.039610340419161005,0.1522322620978752,0.3309944024127826,-0.23821700572260684,0.16627839099482886,4.298278887806667,0.8409290096406661,164,2022-01-17,2026-09-30,4.6995554563253785,0.2014531789482153,0.03233440333100157,-0.2639154442091095
DY,单窗3年,20/80,0.03008097193217063,0.13578038649805124,0.28575621197318013,-0.2413759610424948,0.12462289866087702,4.638736621494323,0.6750219106047327,165,2022-01-17,2026-09-30,4.6995554563253785,0.15621498850861282,0.022805034844011196,-0.21544714762191952
DY,单窗5年,20/80,0.04169353712450974,0.1454940178589484,0.3531991699993323,-0.23840252655274785,0.1748871445592034,4.702572446560759,0.7680105170902717,171,2022-01-17,2026-09-30,4.6995554563253785,0.223657946534765,0.034417600036350304,-0.2428408640366898
DY,单窗10年,20/80,0.044307728783826494,0.15301896699966933,0.3595764351404119,-0.2233139804226485,0.19841000863433988,3.893985329052574,0.8470639789658194,155,2022-01-17,2026-09-30,4.6995554563253785,0.23003521167584456,0.03703179169566706,-0.2656721300922771
DY,扩展窗口,20/80,0.04177927183549901,0.14942105757785445,0.34832697768019805,-0.22467251602767913,0.18595630909457525,3.872706720697095,0.828045574057844,155,2022-01-17,2026-09-30,4.6995554563253785,0.21878575421563073,0.034503334747339576,-0.26021809173202026
综合,A_均值,20/80,0.02787267531673865,0.13578749010712238,0.2700169868042872,-0.23846897948704748,0.11688176540484824,5.745224255979207,0.7053461875547765,251,2022-01-17,2026-09-30,4.6995554563253785,0.1404757633397199,0.020596738228579214,-0.2244439406034907
综合,A_中位数,20/80,0.030302345258177432,0.13977209938591176,0.2830703822640511,-0.23704115977689144,0.1278357956343898,5.362209305580594,0.7299737072743209,230,2022-01-17,2026-09-30,4.6995554563253785,0.1535291587994838,0.023026408170017998,-0.23170544080984967
综合,B_均值,20/80,0.025290819681408117,0.13374586329742222,0.2532376853601685,-0.23851980472336776,0.1060323678813174,6.192075031444257,0.6808063102541629,269,2022-01-17,2026-09-30,4.6995554563253785,0.12369646189560118,0.018014882593248682,-0.2171680229263503
综合,B_中位数,20/80,0.02587623179360743,0.1354182545130582,0.2560212584704133,-0.23557520191289694,0.10984276606149349,5.6175526058463365,0.6952673093777388,242,2022-01-17,2026-09-30,4.6995554563253785,0.12648003500584598,0.018600294705447995,-0.22146047257806234
综合,C_均值,20/80,0.0341318348578572,0.13931670255750517,0.31015780924371555,-0.22960451376224644,0.14865489488242567,5.426045130647029,0.7489921121822962,239,2022-01-17,2026-09-30,4.6995554563253785,0.18061658577914824,0.026855897769697767,-0.23728529247347818
综合,C_中位数,20/80,0.0320173222416027,0.14231406876264982,0.29219890604429105,-0.2398889826758912,0.13346724757618655,5.936731731178513,0.7612620508326029,263,2022-01-17,2026-09-30,4.6995554563253785,0.16265768257972374,0.024741385153443263,-0.24087231512759988
综合,单窗3年,20/80,0.01736776951732444,0.12807656388388589,0.198119780056752,-0.23599063685599275,0.07359516355694516,4.638736621494323,0.6226993865030674,193,2022-01-17,2026-09-30,4.6995554563253785,0.06857855659218468,0.010091832429165004,-0.1997802813863797
综合,单窗5年,20/80,0.029405119888674225,0.13692319158373084,0.2797818902415883,-0.23760760753484456,0.12375495967384814,5.915453122823036,0.7083260297984225,259,2022-01-17,2026-09-30,4.6995554563253785,0.15024066677702097,0.02212918280051479,-0.22532471143460053
综合,单窗10年,20/80,0.04315793297094639,0.13934813158823728,0.37252607634275764,-0.20809818397686863,0.20739216530473736,5.319652088869637,0.7570552147239265,235,2022-01-17,2026-09-30,4.6995554563253785,0.24298485287819033,0.035881995882786955,-0.2396436182822359
综合,扩展窗口,20/80,0.040470811573325216,0.1329664220871029,0.3645055932575205,-0.2082062758280212,0.1943784423037958,5.404766522291551,0.7234005258545135,243,2022-01-17,2026-09-30,4.6995554563253785,0.2349643697929532,0.03319487448516578,-0.2297712855952605
