指标,组合,去掉窗口,完整组合夏普,去掉后夏普,夏普变化,平均|仓位变化|
ERP,A,3年,0.6316261733762001,0.6089523873921153,-0.02267378598408476,0.04569148936170213
ERP,A,5年,0.6316261733762001,0.6126690520759337,-0.01895712130026639,0.014414893617021278
ERP,A,7年,0.6316261733762001,0.6213382142048951,-0.010287959171304983,0.02808510638297872
ERP,A,10年,0.6316261733762001,0.59830146959894,-0.033324703777260045,0.02367021276595745
ERP,B,2年,0.5971337692184308,0.6407887137137075,0.04365494449527674,0.03968085106382979
ERP,B,4年,0.5971337692184308,0.5697397025460904,-0.027394066672340345,0.019734042553191486
ERP,B,6年,0.5971337692184308,0.6151546751177442,0.01802090589931349,0.023191489361702126
ERP,B,8年,0.5971337692184308,0.5768914174458444,-0.020242351772586376,0.02622340425531915
ERP,C,5年,0.6119007026585047,,,
ERP,C,7年,0.6119007026585047,,,
ERP,C,10年,0.6119007026585047,0.5868708344304968,-0.0250298682280079,0.017499999999999998
ERP,C,12年,0.6119007026585047,0.6089523873921153,-0.0029483152663893897,0.005957446808510638
PE,A,3年,0.660092757472991,0.6375046649685704,-0.02258809250442062,0.035797872340425536
PE,A,5年,0.660092757472991,0.63246831420569,-0.027624443267300958,0.01627659574468085
PE,A,7年,0.660092757472991,0.6630275370804163,0.002934779607425275,0.023297872340425536
PE,A,10年,0.660092757472991,0.6337048025829126,-0.02638795489007839,0.015319148936170214
PE,B,2年,0.5827448969167505,0.6620740065138982,0.07932910959714778,0.039787234042553195
PE,B,4年,0.5827448969167505,0.5333460217197299,-0.049398875197020575,0.021914893617021276
PE,B,6年,0.5827448969167505,0.5847659123090574,0.002021015392306924,0.015638297872340425
PE,B,8年,0.5827448969167505,0.5531022866772703,-0.029642610239480116,0.02122340425531915
PE,C,5年,0.6381216445311815,,,
PE,C,7年,0.6381216445311815,,,
PE,C,10年,0.6381216445311815,0.5822783489830031,-0.05584329554817835,0.016861702127659573
PE,C,12年,0.6381216445311815,0.6375046649685704,-0.0006169795626110863,0.0041489361702127655
PB,A,3年,0.7816660288043493,0.8016872820213992,0.02002125321704984,0.03574468085106383
PB,A,5年,0.7816660288043493,0.778717395345464,-0.002948633458885297,0.009414893617021277
PB,A,7年,0.7816660288043493,0.7893180403867186,0.007652011582369278,0.017872340425531912
PB,A,10年,0.7816660288043493,0.7879410396586646,0.006275010854315255,0.023138297872340428
PB,B,2年,0.7805860751576937,0.8497721673606162,0.06918609220292249,0.047606382978723404
PB,B,4年,0.7805860751576937,0.7620801779652587,-0.018505897192435006,0.01973404255319149
PB,B,6年,0.7805860751576937,0.7561883048320396,-0.024397770325654156,0.02063829787234043
PB,B,8年,0.7805860751576937,0.7557771421569974,-0.02480893300069631,0.022340425531914895
PB,C,5年,0.7956608365193678,,,
PB,C,7年,0.7956608365193678,,,
PB,C,10年,0.7956608365193678,0.7868037488484608,-0.008857087670906982,0.010106382978723405
PB,C,12年,0.7956608365193678,0.8016872820213992,0.006026445502031352,0.00622340425531915
DY,A,3年,0.6445621336958053,0.6573491541970152,0.012787020501209945,0.03861702127659575
DY,A,5年,0.6445621336958053,0.6456603914632439,0.0010982577674386595,0.011648936170212764
DY,A,7年,0.6445621336958053,0.6740051382500486,0.029443004554243313,0.02611702127659574
DY,A,10年,0.6445621336958053,0.6286317602066724,-0.015930373489132843,0.02393617021276596
DY,B,2年,0.6642149118868658,0.70043215579603,0.036217243909164254,0.0474468085106383
DY,B,4年,0.6642149118868658,0.6218635143510433,-0.04235139753582251,0.02414893617021277
DY,B,6年,0.6642149118868658,0.636179135606915,-0.028035776279950797,0.026329787234042553
DY,B,8年,0.6642149118868658,0.6487789434695295,-0.015435968417336299,0.02446808510638298
DY,C,5年,0.6464514891692661,,,
DY,C,7年,0.6464514891692661,,,
DY,C,10年,0.6464514891692661,0.6483715980316809,0.0019201088624147822,0.011861702127659577
DY,C,12年,0.6464514891692661,0.6573491541970152,0.010897665027749137,0.005691489361702129
