指标,规格,主阈值夏普差,4阈值最小,4阈值最大,跑赢基准阈值数,相邻最大跳变,最优阈值,最优-相邻均值
DY,A_中位数,0.1446795770427165,0.1446795770427165,0.17434009463187294,4,0.019645110447614633,30/70,0.014636678602268693
DY,A_均值,0.15843335669904857,0.15843335669904857,0.19727617840355083,4,0.03884282170450226,15/85,0.03884282170450226
DY,B_中位数,0.1715814339679731,0.16787093051655366,0.18367847626894107,4,0.01580754575238741,30/70,0.01580754575238741
DY,B_均值,0.17808613489010905,0.15102936240815212,0.18722116455416415,4,0.027056772481956926,25/75,0.011424620542784258
DY,C_中位数,0.15470207454210227,0.14624432371701668,0.16265162638660557,4,0.016407302669588897,30/70,0.016407302669588897
DY,C_均值,0.16032271217250937,0.1564984579494686,0.19116598427503517,4,0.03466752632556658,30/70,0.03466752632556658
DY,单窗3年,0.15749818465460885,0.12607324269810594,0.15749818465460885,4,0.028682262694505023,20/80,0.018215404232857557
DY,单窗5年,0.19634638325268128,0.18463713352346267,0.19634638325268128,4,0.011709249729218607,20/80,0.010158574250020203
DY,扩展窗口,0.12528459950707416,0.12528459950707416,0.1876244258215255,4,0.06233982631445134,15/85,0.06233982631445134
ERP,A_中位数,0.12236952906498932,0.12236952906498932,0.1517100058391383,4,0.02934047677414897,25/75,0.021195637252410582
ERP,A_均值,0.14549739637944337,0.11536047237246716,0.14983860354437184,4,0.03447813117190468,30/70,0.03447813117190468
ERP,B_中位数,0.14602861128916234,0.1312218194407727,0.14711373882357504,4,0.014881481568702282,15/85,0.0010851275344126998
ERP,B_均值,0.11100499222167404,0.09465818095904288,0.12146604554265039,4,0.02680786458360751,25/75,0.018634458952291932
ERP,C_中位数,0.08818393353262832,0.08818393353262832,0.11500453276607225,4,0.016572881074725654,30/70,0.010247718158718278
ERP,C_均值,0.125771925661748,0.11857140070980621,0.125771925661748,4,0.007200524951941789,20/80,0.00704205092238519
ERP,单窗3年,0.1343015193557776,0.11704454568585154,0.1343015193557776,4,0.00902749490984589,20/80,0.004754032492137128
ERP,单窗5年,0.1355194819000567,0.11917604718979424,0.1422166690985338,4,0.01634343471026245,25/75,0.006935971446141553
ERP,扩展窗口,0.19067031845298132,0.17337491257845783,0.20882622772466308,4,0.029987116478965237,15/85,0.01815590927168176
PB,A_中位数,0.3235570590705823,0.26348854240362496,0.3235570590705823,4,0.06006851666695734,20/80,0.05210853798359366
PB,A_均值,0.2955372518075926,0.283874487603338,0.30684183457532144,4,0.019113724003999022,25/75,0.015209153385863927
PB,B_中位数,0.30834028459074714,0.29310612948543135,0.30846626162141455,4,0.015234155105315783,30/70,0.006294342036654466
PB,B_均值,0.294457298160937,0.28460949026956783,0.309301486370129,4,0.01708059583011079,30/70,0.01708059583011079
PB,C_中位数,0.30663028814457916,0.2738823882157936,0.30663028814457916,4,0.03274789992878557,20/80,0.02546046080019415
PB,C_均值,0.3095320595226111,0.2826247436698449,0.3095320595226111,4,0.026907315852766178,20/80,0.014467889241504828
PB,单窗3年,0.30892721996721717,0.26031029384569504,0.3116237521585452,4,0.04861692612152213,30/70,0.006050215111439883
PB,单窗5年,0.3244065282694426,0.28918486009749433,0.3244065282694426,4,0.023812156070470714,20/80,0.017733004367791516
PB,扩展窗口,0.3017844786735804,0.2973241036594866,0.31783264338618544,4,0.01111052117734146,30/70,0.01111052117734146
PE,A_中位数,0.10364616916015046,0.10364616916015046,0.12305573579155316,4,0.01003878260080271,30/70,0.009370784030599988
PE,A_均值,0.1739639804762343,0.14067065557676883,0.1739639804762343,4,0.03329332489946546,20/80,0.02696226490270376
PE,B_中位数,0.1374763944487144,0.10206103621918605,0.16851590013269213,4,0.03541535822952835,25/75,0.0202702441492415
PE,B_均值,0.09661611991999375,0.06724866379155947,0.12344408680732566,4,0.029367456128434277,25/75,0.023856408457030964
PE,C_中位数,0.12353362470274709,0.12353362470274709,0.16551595693388144,4,0.024175967752531613,30/70,0.017806364478602732
PE,C_均值,0.15199286753442476,0.15199286753442476,0.20571497148066908,4,0.042200224830367006,30/70,0.01152187911587732
PE,单窗3年,0.0619818064805705,-0.0008518674809505078,0.0619818064805705,3,0.06283367396152101,20/80,0.0374124440780669
PE,单窗5年,0.16026603002556494,0.16026603002556494,0.18768697869712692,4,0.027420948671561973,25/75,0.02188586955235361
PE,扩展窗口,0.18348983773448369,0.18348983773448369,0.2526786953065132,4,0.05619188227707261,30/70,0.05619188227707261
综合,A_中位数,0.18488502641474513,0.18488502641474513,0.2288422332379254,4,0.04395720682318027,15/85,0.04395720682318027
综合,A_均值,0.22374684985879945,0.19908275503989958,0.22374684985879945,4,0.016939225551530934,20/80,0.009248975697773776
综合,B_中位数,0.21009125835713827,0.20171847761464534,0.23459569836760785,4,0.024504440010469586,15/85,0.024504440010469586
综合,B_均值,0.18900641624291903,0.16741603578029307,0.1905249587257115,4,0.021590380462625958,30/70,0.01461183785086484
综合,C_中位数,0.19987038098626164,0.18426176622123946,0.21205206147486688,4,0.023271744543229778,30/70,0.023271744543229778
综合,C_均值,0.21876241306474098,0.20306508961862446,0.24302355359395467,4,0.039958463975330205,30/70,0.039958463975330205
综合,单窗3年,0.17145186451853867,0.1505134451245388,0.204141180192273,4,0.03331133952323562,15/85,0.03268931567373434
综合,单窗5年,0.2244234509655222,0.22288878975842918,0.24246445525786242,4,0.019575665499433237,25/75,0.018808334895886736
综合,扩展窗口,0.23654155356702544,0.22993799744287202,0.2542155048906083,4,0.017673951323582848,25/75,0.012311751609790533
