子区间,指标,规格,区间收益,最大回撤,夏普,平均仓位
2015泡沫(2014-11~2016-02),基准,买入持有,0.1319244264734598,-0.46058855289830936,0.44217454360959946,1.0
2015泡沫(2014-11~2016-02),ERP,A_均值,,,,
2015泡沫(2014-11~2016-02),ERP,A_中位数,,,,
2015泡沫(2014-11~2016-02),ERP,B_均值,,,,
2015泡沫(2014-11~2016-02),ERP,B_中位数,,,,
2015泡沫(2014-11~2016-02),ERP,C_均值,,,,
2015泡沫(2014-11~2016-02),ERP,C_中位数,,,,
2015泡沫(2014-11~2016-02),ERP,单窗3年,0.08361312261203246,-0.07314417707286147,0.9449571245062248,0.09714285714285714
2015泡沫(2014-11~2016-02),ERP,单窗5年,,,,
2015泡沫(2014-11~2016-02),ERP,单窗10年,,,,
2015泡沫(2014-11~2016-02),ERP,扩展窗口,0.1067639714606925,-0.06508368555762956,1.1467680353965104,0.09396825396825396
2015泡沫(2014-11~2016-02),PE,A_均值,,,,
2015泡沫(2014-11~2016-02),PE,A_中位数,,,,
2015泡沫(2014-11~2016-02),PE,B_均值,,,,
2015泡沫(2014-11~2016-02),PE,B_中位数,,,,
2015泡沫(2014-11~2016-02),PE,C_均值,,,,
2015泡沫(2014-11~2016-02),PE,C_中位数,,,,
2015泡沫(2014-11~2016-02),PE,单窗3年,0.07271990317711952,-0.04902365163820288,1.095684333135279,0.066984126984127
2015泡沫(2014-11~2016-02),PE,单窗5年,,,,
2015泡沫(2014-11~2016-02),PE,单窗10年,,,,
2015泡沫(2014-11~2016-02),PE,扩展窗口,0.11391180567999548,-0.0225226081379597,1.8477000972272999,0.05460317460317461
2015泡沫(2014-11~2016-02),PB,A_均值,,,,
2015泡沫(2014-11~2016-02),PB,A_中位数,,,,
2015泡沫(2014-11~2016-02),PB,B_均值,,,,
2015泡沫(2014-11~2016-02),PB,B_中位数,,,,
2015泡沫(2014-11~2016-02),PB,C_均值,,,,
2015泡沫(2014-11~2016-02),PB,C_中位数,,,,
2015泡沫(2014-11~2016-02),PB,单窗3年,0.10525734481591043,-0.08589181083821895,1.009019611614935,0.11714285714285716
2015泡沫(2014-11~2016-02),PB,单窗5年,,,,
2015泡沫(2014-11~2016-02),PB,单窗10年,,,,
2015泡沫(2014-11~2016-02),PB,扩展窗口,0.12995621622778808,-0.11239292511906462,0.9304778247702202,0.1784126984126984
2015泡沫(2014-11~2016-02),DY,A_均值,,,,
2015泡沫(2014-11~2016-02),DY,A_中位数,,,,
2015泡沫(2014-11~2016-02),DY,B_均值,,,,
2015泡沫(2014-11~2016-02),DY,B_中位数,,,,
2015泡沫(2014-11~2016-02),DY,C_均值,,,,
2015泡沫(2014-11~2016-02),DY,C_中位数,,,,
2015泡沫(2014-11~2016-02),DY,单窗3年,0.07938057178381897,-0.04902365163820255,1.1818358435827772,0.06761904761904763
2015泡沫(2014-11~2016-02),DY,单窗5年,,,,
2015泡沫(2014-11~2016-02),DY,单窗10年,,,,
2015泡沫(2014-11~2016-02),DY,扩展窗口,0.11175909683579377,-0.06435763845480469,1.2288517048571994,0.10222222222222223
2015泡沫(2014-11~2016-02),综合,A_均值,,,,
2015泡沫(2014-11~2016-02),综合,A_中位数,,,,
2015泡沫(2014-11~2016-02),综合,B_均值,,,,
2015泡沫(2014-11~2016-02),综合,B_中位数,,,,
2015泡沫(2014-11~2016-02),综合,C_均值,,,,
2015泡沫(2014-11~2016-02),综合,C_中位数,,,,
2015泡沫(2014-11~2016-02),综合,单窗3年,0.08973496539654424,-0.055709959622664895,1.096509312740704,0.08444444444444445
2015泡沫(2014-11~2016-02),综合,单窗5年,,,,
2015泡沫(2014-11~2016-02),综合,单窗10年,,,,
2015泡沫(2014-11~2016-02),综合,扩展窗口,0.13067225588443465,-0.06050834702119168,1.4041705951738068,0.09777777777777777
2018熊市(2018-01-24~2019-01-04),基准,买入持有,-0.293659120227159,-0.3101866217626451,-1.5907838167205093,1.0
2018熊市(2018-01-24~2019-01-04),ERP,A_均值,-0.12234028656716134,-0.15034799725452164,-0.7689674225153279,0.5843478260869566
2018熊市(2018-01-24~2019-01-04),ERP,A_中位数,-0.12150501180048656,-0.14953937761813407,-0.7631234992062154,0.5834782608695651
2018熊市(2018-01-24~2019-01-04),ERP,B_均值,-0.12477676534668614,-0.15703499386744058,-0.755887290933344,0.6030434782608697
2018熊市(2018-01-24~2019-01-04),ERP,B_中位数,-0.12788517813263134,-0.1597925047923534,-0.7671936732044057,0.6073913043478261
2018熊市(2018-01-24~2019-01-04),ERP,C_均值,,,,
2018熊市(2018-01-24~2019-01-04),ERP,C_中位数,,,,
2018熊市(2018-01-24~2019-01-04),ERP,单窗3年,-0.14958907193685078,-0.17507888271324945,-0.8737853561364317,0.6682608695652175
2018熊市(2018-01-24~2019-01-04),ERP,单窗5年,-0.09789691203977446,-0.1278637875886215,-0.7159802155648346,0.47913043478260875
2018熊市(2018-01-24~2019-01-04),ERP,单窗10年,,,,
2018熊市(2018-01-24~2019-01-04),ERP,扩展窗口,-0.06028708467022359,-0.08733579064579589,-0.5355145967477437,0.36260869565217396
2018熊市(2018-01-24~2019-01-04),PE,A_均值,-0.14945241819974375,-0.187667681011776,-0.836899808439913,0.7078260869565218
2018熊市(2018-01-24~2019-01-04),PE,A_中位数,-0.14945241819974375,-0.187667681011776,-0.836899808439913,0.7078260869565218
2018熊市(2018-01-24~2019-01-04),PE,B_均值,-0.1577355348019701,-0.19606729689892122,-0.8905289695545049,0.7056521739130436
2018熊市(2018-01-24~2019-01-04),PE,B_中位数,-0.15801254872563153,-0.1935956325679825,-0.8916579908635229,0.7069565217391305
2018熊市(2018-01-24~2019-01-04),PE,C_均值,,,,
2018熊市(2018-01-24~2019-01-04),PE,C_中位数,,,,
2018熊市(2018-01-24~2019-01-04),PE,单窗3年,-0.17638279301483906,-0.21581069232928995,-0.9742368261234365,0.7704347826086956
2018熊市(2018-01-24~2019-01-04),PE,单窗5年,-0.12118080722459368,-0.1535744788557225,-0.7887979082092502,0.5847826086956521
2018熊市(2018-01-24~2019-01-04),PE,单窗10年,,,,
2018熊市(2018-01-24~2019-01-04),PE,扩展窗口,-0.07790891941226841,-0.10638102534375404,-0.6426989612452743,0.435217391304348
2018熊市(2018-01-24~2019-01-04),PB,A_均值,-0.15116695263361246,-0.1835896667322472,-0.8577349972095364,0.7017391304347826
2018熊市(2018-01-24~2019-01-04),PB,A_中位数,-0.15116695263361246,-0.1835896667322472,-0.8577349972095364,0.7017391304347826
2018熊市(2018-01-24~2019-01-04),PB,B_均值,-0.16110488739779327,-0.1956571343783594,-0.9157685254626781,0.6960869565217391
2018熊市(2018-01-24~2019-01-04),PB,B_中位数,-0.16032161962452307,-0.19634890600173227,-0.9079421896379177,0.6982608695652174
2018熊市(2018-01-24~2019-01-04),PB,C_均值,,,,
2018熊市(2018-01-24~2019-01-04),PB,C_中位数,,,,
2018熊市(2018-01-24~2019-01-04),PB,单窗3年,-0.16722644077603432,-0.20346768244722657,-0.938190484090557,0.7491304347826088
2018熊市(2018-01-24~2019-01-04),PB,单窗5年,-0.1237574932988379,-0.15696280101384785,-0.7485662113826266,0.6191304347826088
2018熊市(2018-01-24~2019-01-04),PB,单窗10年,,,,
2018熊市(2018-01-24~2019-01-04),PB,扩展窗口,-0.13843169014687284,-0.17577487839929196,-0.7867368123668979,0.6882608695652175
2018熊市(2018-01-24~2019-01-04),DY,A_均值,-0.17282042101362216,-0.21405763790457089,-0.9693765360920028,0.7091304347826088
2018熊市(2018-01-24~2019-01-04),DY,A_中位数,-0.17139284733301208,-0.21270123276703246,-0.9602147727479109,0.7078260869565218
2018熊市(2018-01-24~2019-01-04),DY,B_均值,-0.1721585738739101,-0.21278325968122958,-0.9673683195702032,0.6978260869565217
2018熊市(2018-01-24~2019-01-04),DY,B_中位数,-0.17615530796099854,-0.21420760491147806,-0.9915612954353333,0.7043478260869566
2018熊市(2018-01-24~2019-01-04),DY,C_均值,,,,
2018熊市(2018-01-24~2019-01-04),DY,C_中位数,,,,
2018熊市(2018-01-24~2019-01-04),DY,单窗3年,-0.16757301505065902,-0.21429026625371206,-0.9197628475396392,0.7439130434782609
2018熊市(2018-01-24~2019-01-04),DY,单窗5年,-0.1413163870068176,-0.18021672018728485,-0.8910399267464912,0.6017391304347828
2018熊市(2018-01-24~2019-01-04),DY,单窗10年,,,,
2018熊市(2018-01-24~2019-01-04),DY,扩展窗口,-0.12944588033663418,-0.16498192467573858,-0.8401941444606686,0.5739130434782609
2018熊市(2018-01-24~2019-01-04),综合,A_均值,-0.1539645414594204,-0.18638117291637535,-0.8833346636667708,0.6826086956521739
2018熊市(2018-01-24~2019-01-04),综合,A_中位数,-0.1539645414594204,-0.18638117291637535,-0.8833346636667708,0.6826086956521739
2018熊市(2018-01-24~2019-01-04),综合,B_均值,-0.1552125939058273,-0.19066791377850267,-0.8865844455691027,0.6830434782608696
2018熊市(2018-01-24~2019-01-04),综合,B_中位数,-0.1537154126441096,-0.19060401756253864,-0.8660550590529962,0.6882608695652175
2018熊市(2018-01-24~2019-01-04),综合,C_均值,,,,
2018熊市(2018-01-24~2019-01-04),综合,C_中位数,,,,
2018熊市(2018-01-24~2019-01-04),综合,单窗3年,-0.17420743453765397,-0.21152285736935417,-0.9748146542669206,0.7426086956521739
2018熊市(2018-01-24~2019-01-04),综合,单窗5年,-0.12501464162378018,-0.1558553613769439,-0.8124469471124407,0.5756521739130435
2018熊市(2018-01-24~2019-01-04),综合,单窗10年,,,,
2018熊市(2018-01-24~2019-01-04),综合,扩展窗口,-0.10203939590393096,-0.13470349176545204,-0.7213670762407434,0.5169565217391304
2021高点前后(2020-07~2022-10),基准,买入持有,-0.13351717057036916,-0.372078149467133,-0.21575625831360806,1.0
2021高点前后(2020-07~2022-10),ERP,A_均值,-0.15365972451586307,-0.23038740482508635,-0.5717032869273719,0.41798941798941797
2021高点前后(2020-07~2022-10),ERP,A_中位数,-0.15239965917777987,-0.2349448116720031,-0.5501977427871295,0.4326278659611993
2021高点前后(2020-07~2022-10),ERP,B_均值,-0.16724132333866948,-0.23141077406871768,-0.6195481848671539,0.43562610229276894
2021高点前后(2020-07~2022-10),ERP,B_中位数,-0.14885616923351486,-0.218339647227071,-0.5443859920933166,0.43156966490299814
2021高点前后(2020-07~2022-10),ERP,C_均值,-0.1470663540974919,-0.22471705922759955,-0.5415851852994871,0.43033509700176364
2021高点前后(2020-07~2022-10),ERP,C_中位数,-0.16414637981496194,-0.24024212689297098,-0.5939844244872077,0.4442680776014109
2021高点前后(2020-07~2022-10),ERP,单窗3年,-0.16384865908035795,-0.22863051258301736,-0.6170840200310879,0.39223985890652563
2021高点前后(2020-07~2022-10),ERP,单窗5年,-0.15828970924928476,-0.24638763005476683,-0.5526997205581651,0.46225749559082896
2021高点前后(2020-07~2022-10),ERP,单窗10年,,,,
2021高点前后(2020-07~2022-10),ERP,扩展窗口,-0.11899386559718328,-0.17968975649014474,-0.5673838837076586,0.29365079365079366
2021高点前后(2020-07~2022-10),PE,A_均值,-0.1254298194868898,-0.1823074654948087,-0.5354210889783793,0.3289241622574956
2021高点前后(2020-07~2022-10),PE,A_中位数,-0.15276774418252004,-0.20589422845740157,-0.6443440945795517,0.3428571428571428
2021高点前后(2020-07~2022-10),PE,B_均值,-0.1622144129519525,-0.20237632883959067,-0.675707089398994,0.36296296296296293
2021高点前后(2020-07~2022-10),PE,B_中位数,-0.13572487959197876,-0.19140546198117692,-0.5789451222484532,0.33897707231040564
2021高点前后(2020-07~2022-10),PE,C_均值,-0.11901933139888277,-0.18076309727485662,-0.5223146814716358,0.3243386243386244
2021高点前后(2020-07~2022-10),PE,C_中位数,-0.14666318144079082,-0.20222630736864522,-0.608151209362572,0.3465608465608466
2021高点前后(2020-07~2022-10),PE,单窗3年,-0.15729591759162442,-0.20155609243003791,-0.6592522696532332,0.34303350970017643
2021高点前后(2020-07~2022-10),PE,单窗5年,-0.1320845418690152,-0.20287553301984207,-0.5305565237794325,0.3578483245149912
2021高点前后(2020-07~2022-10),PE,单窗10年,,,,
2021高点前后(2020-07~2022-10),PE,扩展窗口,-0.09989107554925114,-0.14444755020398503,-0.6366850555817776,0.2015873015873016
2021高点前后(2020-07~2022-10),PB,A_均值,-0.05148961771125693,-0.1959244607481868,-0.17144213972969444,0.317283950617284
2021高点前后(2020-07~2022-10),PB,A_中位数,-0.04911311636109972,-0.19605789551634756,-0.16077317712499886,0.31463844797178125
2021高点前后(2020-07~2022-10),PB,B_均值,-0.08144069648412056,-0.20140730432909126,-0.302302981577198,0.3253968253968254
2021高点前后(2020-07~2022-10),PB,B_中位数,-0.03161290273379369,-0.19517755983597396,-0.0881025582129294,0.3174603174603175
2021高点前后(2020-07~2022-10),PB,C_均值,-0.04193724794711917,-0.19484726121387663,-0.12944519836970264,0.3245149911816579
2021高点前后(2020-07~2022-10),PB,C_中位数,-0.04272304547620731,-0.19588500842263712,-0.1325705998657073,0.32504409171075843
2021高点前后(2020-07~2022-10),PB,单窗3年,-0.05611788633486092,-0.19975671810397955,-0.1881214686506772,0.308994708994709
2021高点前后(2020-07~2022-10),PB,单窗5年,-0.04352528842188097,-0.1958850084226369,-0.13274340327934805,0.31181657848324523
2021高点前后(2020-07~2022-10),PB,单窗10年,,,,
2021高点前后(2020-07~2022-10),PB,扩展窗口,-0.02122531730340438,-0.1911462685935631,-0.041153905893699404,0.3527336860670194
2021高点前后(2020-07~2022-10),DY,A_均值,-0.10445408983369686,-0.18260687414194998,-0.5567092838773494,0.23897707231040563
2021高点前后(2020-07~2022-10),DY,A_中位数,-0.1061995185886141,-0.18395264326972027,-0.5573744610570814,0.24179894179894185
2021高点前后(2020-07~2022-10),DY,B_均值,-0.11495690546084747,-0.1852969632991166,-0.578607990738156,0.2566137566137566
2021高点前后(2020-07~2022-10),DY,B_中位数,-0.11229435669984378,-0.1824097336615772,-0.6241763196854363,0.23315696649029985
2021高点前后(2020-07~2022-10),DY,C_均值,-0.09539572520402173,-0.18240973366157698,-0.5119925766145363,0.23386243386243386
2021高点前后(2020-07~2022-10),DY,C_中位数,-0.08668995854892503,-0.18274533859816666,-0.44690148881359215,0.24056437389770724
2021高点前后(2020-07~2022-10),DY,单窗3年,-0.1197050621682546,-0.18486512594079307,-0.6007033939039229,0.2594356261022928
2021高点前后(2020-07~2022-10),DY,单窗5年,-0.09097328620921086,-0.18294436872138908,-0.4429059484525414,0.24902998236331572
2021高点前后(2020-07~2022-10),DY,单窗10年,,,,
2021高点前后(2020-07~2022-10),DY,扩展窗口,-0.10835479266216441,-0.17105092888380047,-0.7091942643625779,0.18800705467372134
2021高点前后(2020-07~2022-10),综合,A_均值,-0.10056447258481693,-0.1913683138274903,-0.41196942701567413,0.3195767195767196
2021高点前后(2020-07~2022-10),综合,A_中位数,-0.11444648791692213,-0.19406227488991612,-0.46602114449393317,0.32663139329806
2021高点前后(2020-07~2022-10),综合,B_均值,-0.12751158487424719,-0.19707457737604162,-0.5226686566583173,0.3396825396825397
2021高点前后(2020-07~2022-10),综合,B_中位数,-0.09378097566502941,-0.1938670051583048,-0.383067081468188,0.3246913580246913
2021高点前后(2020-07~2022-10),综合,C_均值,-0.09133778734969666,-0.18847008018495037,-0.38262429769797734,0.318694885361552
2021高点前后(2020-07~2022-10),综合,C_中位数,-0.10359561222270774,-0.1940352533060704,-0.41142220258011175,0.3324514991181658
2021高点前后(2020-07~2022-10),综合,单窗3年,-0.11993462603482441,-0.19506797316881563,-0.4889228217259965,0.3201058201058201
2021高点前后(2020-07~2022-10),综合,单窗5年,-0.10075383617234601,-0.1950042772664916,-0.39360693511466666,0.3366843033509701
2021高点前后(2020-07~2022-10),综合,单窗10年,,,,
2021高点前后(2020-07~2022-10),综合,扩展窗口,-0.09042092857968109,-0.17283032894347372,-0.4691541016578864,0.24462081128747792
2024年以来(2024-01~2026-09),基准,买入持有,0.38880114948874067,-0.15164968880776697,0.7462692484915471,1.0
2024年以来(2024-01~2026-09),ERP,A_均值,0.3739416562923856,-0.12142291817740991,0.9441019276151864,0.6354354354354355
2024年以来(2024-01~2026-09),ERP,A_中位数,0.36621727168990725,-0.12135157541343622,0.9023137753447559,0.6651651651651652
2024年以来(2024-01~2026-09),ERP,B_均值,0.33827023084226804,-0.1161465835714659,0.9087035820080523,0.5764264264264264
2024年以来(2024-01~2026-09),ERP,B_中位数,0.3463116370196089,-0.12142291817740991,0.8931761168843463,0.6043543543543545
2024年以来(2024-01~2026-09),ERP,C_均值,0.38847020458948656,-0.12142291817740991,0.919212373151586,0.7205705705705705
2024年以来(2024-01~2026-09),ERP,C_中位数,0.3758636868940006,-0.12112794497930424,0.8942440789385612,0.7303303303303303
2024年以来(2024-01~2026-09),ERP,单窗3年,0.3262858289063302,-0.11340138333400185,0.9594751417564087,0.47492492492492494
2024年以来(2024-01~2026-09),ERP,单窗5年,0.3884429754334815,-0.12112794497930424,0.9761269638828253,0.6244744744744746
2024年以来(2024-01~2026-09),ERP,单窗10年,0.40036046910973444,-0.12687356297589636,0.8913409735425425,0.7930930930930932
2024年以来(2024-01~2026-09),ERP,扩展窗口,0.3865168484562884,-0.11694145540737522,0.9487152973679749,0.7078078078078077
2024年以来(2024-01~2026-09),PE,A_均值,0.23754658420998553,-0.09893408399129444,0.9627816442349033,0.30585585585585584
2024年以来(2024-01~2026-09),PE,A_中位数,0.2449925668675439,-0.0987512568423472,0.9442656020438325,0.3294294294294295
2024年以来(2024-01~2026-09),PE,B_均值,0.20545764082961537,-0.09065954794652897,0.9062406192026456,0.2815315315315316
2024年以来(2024-01~2026-09),PE,B_中位数,0.229579870733845,-0.10114984069602018,0.9327021323752154,0.3097597597597598
2024年以来(2024-01~2026-09),PE,C_均值,0.2534098086370129,-0.09925085343547613,0.9741701932840825,0.3352852852852853
2024年以来(2024-01~2026-09),PE,C_中位数,0.2629661583773557,-0.09875125684234642,1.0000602713226663,0.337987987987988
2024年以来(2024-01~2026-09),PE,单窗3年,0.18078196533541036,-0.08510958497358878,0.8506159929753233,0.2274774774774775
2024年以来(2024-01~2026-09),PE,单窗5年,0.25363717909809225,-0.10081078789034159,0.9743056684793592,0.3358858858858859
2024年以来(2024-01~2026-09),PE,单窗10年,0.28103261896436815,-0.09966352115322441,0.998973581775742,0.37162162162162166
2024年以来(2024-01~2026-09),PE,扩展窗口,0.20482094111221927,-0.08315647966693274,0.9513225835602505,0.266966966966967
2024年以来(2024-01~2026-09),PB,A_均值,0.35379250907256754,-0.12315480586109084,0.9185501294003017,0.5932432432432433
2024年以来(2024-01~2026-09),PB,A_中位数,0.3902868600730054,-0.12315480586109084,0.9641810513929695,0.6280780780780781
2024年以来(2024-01~2026-09),PB,B_均值,0.35452602116381504,-0.12315480586109084,0.9850574496592561,0.5207207207207207
2024年以来(2024-01~2026-09),PB,B_中位数,0.3316620632137357,-0.12315480586109084,0.8802182677634561,0.5681681681681682
2024年以来(2024-01~2026-09),PB,C_均值,0.38901522730239724,-0.12315480586109084,0.9233903737941427,0.6927927927927927
2024年以来(2024-01~2026-09),PB,C_中位数,0.38777678021018946,-0.12315480586109084,0.9135524416960981,0.7018018018018019
2024年以来(2024-01~2026-09),PB,单窗3年,0.31570525448712083,-0.12315480586109084,0.9864701252700251,0.4115615615615616
2024年以来(2024-01~2026-09),PB,单窗5年,0.3866516281495589,-0.12315480586109084,0.9831530703426169,0.5971471471471471
2024年以来(2024-01~2026-09),PB,单窗10年,0.39580292682867246,-0.13146752713420706,0.886165405361707,0.7662162162162162
2024年以来(2024-01~2026-09),PB,扩展窗口,0.39728306234550526,-0.1254126893632347,0.8796428535317319,0.7803303303303304
2024年以来(2024-01~2026-09),DY,A_均值,0.4201399145606459,-0.1342700474884514,0.9445388568163104,0.7277777777777779
2024年以来(2024-01~2026-09),DY,A_中位数,0.426256007875224,-0.15049515828193927,0.9290354761631885,0.7624624624624625
2024年以来(2024-01~2026-09),DY,B_均值,0.4381997045347896,-0.12280265934197421,1.012360406791613,0.6674174174174174
2024年以来(2024-01~2026-09),DY,B_中位数,0.44840924517520575,-0.13165878838733003,1.007240243509046,0.692042042042042
2024年以来(2024-01~2026-09),DY,C_均值,0.42956416635038597,-0.14804713278569082,0.9059084512602524,0.821921921921922
2024年以来(2024-01~2026-09),DY,C_中位数,0.4133901451046378,-0.15090582459504842,0.868703601032118,0.8396396396396397
2024年以来(2024-01~2026-09),DY,单窗3年,0.37779926887430904,-0.11893636905604765,0.9685589126297881,0.5393393393393393
2024年以来(2024-01~2026-09),DY,单窗5年,0.4474012145085595,-0.13972498354419094,0.9915552606973101,0.7093093093093092
2024年以来(2024-01~2026-09),DY,单窗10年,0.431734238308662,-0.15273811731092668,0.8666755897799429,0.8917417417417417
2024年以来(2024-01~2026-09),DY,扩展窗口,0.4197293277930687,-0.14644295478543645,0.8723204026043477,0.857957957957958
2024年以来(2024-01~2026-09),综合,A_均值,0.3669505324279434,-0.12067311058570962,0.9802381198269301,0.5777777777777778
2024年以来(2024-01~2026-09),综合,A_中位数,0.38157334667309195,-0.12112794497930468,0.9749447991177843,0.6111111111111112
2024年以来(2024-01~2026-09),综合,B_均值,0.35317945921236626,-0.11428912642542999,1.0020665103173378,0.5181681681681682
2024年以来(2024-01~2026-09),综合,B_中位数,0.33658009085520635,-0.12155921941462355,0.9207690571070647,0.553903903903904
2024年以来(2024-01~2026-09),综合,C_均值,0.37960539055173714,-0.12112794497930446,0.9478443498076441,0.6603603603603604
2024年以来(2024-01~2026-09),综合,C_中位数,0.39419671871059747,-0.12112794497930468,0.9677893399993206,0.668918918918919
2024年以来(2024-01~2026-09),综合,单窗3年,0.30362323022603954,-0.11292227113011422,0.9711069426383379,0.41966966966966973
2024年以来(2024-01~2026-09),综合,单窗5年,0.3811094598716771,-0.12142291817740991,1.009078628907236,0.5767267267267268
2024年以来(2024-01~2026-09),综合,单窗10年,0.3957426621613209,-0.12112794497930512,0.9242681944061795,0.7276276276276278
2024年以来(2024-01~2026-09),综合,扩展窗口,0.380485668770558,-0.1157970155880742,0.9556475778848933,0.6753753753753753
