关键点,规格,ERP,PE,PB,DY,综合
2015-06-08 高点,A_均值,—,—,—,—,—
2015-06-08 高点,B_均值,—,—,—,—,—
2015-06-08 高点,C_均值,—,—,—,—,—
2015-06-08 高点,单窗3年,100贵,100贵,100贵,100贵,100贵
2015-06-08 高点,单窗5年,—,—,—,—,—
2015-06-08 高点,扩展窗口,100贵,100贵,100贵,100贵,100贵
2016-01-28 低点,A_均值,—,—,—,—,—
2016-01-28 低点,B_均值,41,50,37,47,44
2016-01-28 低点,C_均值,—,—,—,—,—
2016-01-28 低点,单窗3年,44,55,42,51,48
2016-01-28 低点,单窗5年,—,—,—,—,—
2016-01-28 低点,扩展窗口,37,53,30,47,42
2018-01-24 高点,A_均值,97贵,94贵,86贵,93贵,93贵
2018-01-24 高点,B_均值,99贵,97贵,92贵,96贵,96贵
2018-01-24 高点,C_均值,—,—,—,—,—
2018-01-24 高点,单窗3年,97贵,93贵,82贵,91贵,91贵
2018-01-24 高点,单窗5年,98贵,96贵,89贵,95贵,94贵
2018-01-24 高点,扩展窗口,98贵,97贵,89贵,96贵,95贵
2019-01-03 低点,A_均值,12廉,15廉,3廉,14廉,11廉
2019-01-03 低点,B_均值,6廉,9廉,2廉,8廉,6廉
2019-01-03 低点,C_均值,17廉,22,5廉,21,16廉
2019-01-03 低点,单窗3年,0廉,0廉,0廉,0廉,0廉
2019-01-03 低点,单窗5年,18廉,20,5廉,20廉,16廉
2019-01-03 低点,扩展窗口,17廉,23,4廉,21,16廉
2021-02-10 高点,A_均值,99贵,100贵,98贵,99贵,99贵
2021-02-10 高点,B_均值,99贵,99贵,97贵,98贵,98贵
2021-02-10 高点,C_均值,99贵,99贵,97贵,99贵,98贵
2021-02-10 高点,单窗3年,99贵,100贵,100贵,100贵,100贵
2021-02-10 高点,单窗5年,99贵,100贵,100贵,100贵,100贵
2021-02-10 高点,扩展窗口,98贵,99贵,95贵,98贵,97贵
2022-10-31 低点,A_均值,2廉,5廉,0廉,4廉,3廉
2022-10-31 低点,B_均值,1廉,1廉,0廉,1廉,1廉
2022-10-31 低点,C_均值,3廉,7廉,1廉,5廉,4廉
2022-10-31 低点,单窗3年,0廉,0廉,0廉,0廉,0廉
2022-10-31 低点,单窗5年,0廉,1廉,0廉,0廉,0廉
2022-10-31 低点,扩展窗口,8廉,18廉,2廉,13廉,10廉
2024-02-02 低点,A_均值,2廉,4廉,1廉,2廉,2廉
2024-02-02 低点,B_均值,1廉,2廉,1廉,1廉,1廉
2024-02-02 低点,C_均值,4廉,9廉,0廉,2廉,4廉
2024-02-02 低点,单窗3年,1廉,1廉,1廉,1廉,1廉
2024-02-02 低点,单窗5年,0廉,2廉,1廉,1廉,1廉
2024-02-02 低点,扩展窗口,8廉,19廉,0廉,4廉,8廉
2024-09-13 低点,A_均值,1廉,6廉,0廉,0廉,2廉
2024-09-13 低点,B_均值,0廉,7廉,0廉,0廉,2廉
2024-09-13 低点,C_均值,2廉,10廉,0廉,0廉,3廉
2024-09-13 低点,单窗3年,0廉,6廉,0廉,0廉,2廉
2024-09-13 低点,单窗5年,0廉,4廉,0廉,0廉,1廉
2024-09-13 低点,扩展窗口,6廉,21,0廉,0廉,7廉
2026-06-22 近期高点,A_均值,79,97贵,78,68,80贵
2026-06-22 近期高点,B_均值,85贵,96贵,84贵,77,85贵
2026-06-22 近期高点,C_均值,69,95贵,69,54,72
2026-06-22 近期高点,单窗3年,100贵,100贵,97贵,98贵,99贵
2026-06-22 近期高点,单窗5年,82贵,100贵,80,74,84贵
2026-06-22 近期高点,扩展窗口,66,94贵,57,47,66
