指标,规格,夏普中位,夏普最小,夏普最大,夏普差中位,跑赢比例,MDD中位,MDD最差,MDD改善中位
DY,A_中位数,0.37355099627107335,0.3019579752857124,0.6830772648851228,0.10482357917768895,1.0,-0.24052673803482283,-0.24052673803482383,0.12079628205054799
DY,A_均值,0.3817442205215489,0.30105410911533587,0.6900126765072072,0.10663919236660849,1.0,-0.23927426700983878,-0.23927426700984045,0.1220487530755317
DY,B_中位数,0.4066307674536814,0.33407871998020006,0.7442987605614254,0.13585739259336685,1.0,-0.2390907936826358,-0.23909079368263797,0.12223222640273518
DY,B_均值,0.40255927495979726,0.3206658538929477,0.7425842301033788,0.1318653912220526,1.0,-0.24177786042303984,-0.24177786042304183,0.11954515966233076
DY,C_中位数,0.4051382782102375,0.28697468925178654,0.640830851538859,0.12447033522030446,1.0,-0.238217005722606,-0.23821700572260684,0.1231060143627643
DY,C_均值,0.4133329204161741,0.30394987862128914,0.6696638313039044,0.12834339311220824,1.0,-0.23903314364958883,-0.23903314364958972,0.12228987643578121
DY,单窗3年,0.33118718269564373,0.2576916521977981,0.6808812899903603,0.06967520836167915,1.0,-0.2413759610424953,-0.24137596104249737,0.11994705904287578
DY,单窗5年,0.4295883909633972,0.33336387977963045,0.7336254094248156,0.15387700674988397,1.0,-0.23840252655274774,-0.23840252655274852,0.12292049353262252
DY,扩展窗口,0.38012123276226806,0.3199994808412118,0.6434558268196311,0.10516104045420914,1.0,-0.22467251602767996,-0.22467251602768123,0.1366505040576897
ERP,A_中位数,0.32520557829272373,0.1746516165037866,0.6335939310717872,0.06908276989572396,1.0,-0.272265656276735,-0.27226565627673693,0.08905736380863516
ERP,A_均值,0.34890309445253115,0.1958110896131296,0.6636621052242733,0.0948420728270421,1.0,-0.26601763397085054,-0.26601763397085243,0.09530538611452011
ERP,B_中位数,0.32086503219666207,0.17500290474470692,0.632157388285919,0.05761348909242184,1.0,-0.2594587271244847,-0.2594587271244869,0.10186429296088423
ERP,B_均值,0.3019881598866623,0.15175999670281667,0.6183814951776123,0.045493147627652164,0.9,-0.268736547309645,-0.2687365473096468,0.09258647277572524
ERP,C_中位数,0.3218322826567383,0.17294807122119138,0.6345337909195705,0.06876152422108514,1.0,-0.27838800035718014,-0.27838800035718236,0.08293501972819078
ERP,C_均值,0.3552757184986195,0.22308126523029445,0.6571608182705148,0.0982947494070203,1.0,-0.2594449336264191,-0.2594449336264204,0.10187808645895113
ERP,单窗3年,0.2956178286724832,0.1360452408762458,0.6376193308908661,0.03753513433872851,0.75,-0.2657840491696499,-0.2657840491696515,0.09553897091572022
ERP,单窗5年,0.34825463753941144,0.17576659708615694,0.692175561984153,0.09460975370469302,1.0,-0.28422495049928137,-0.2842249504992831,0.07709806958608834
ERP,扩展窗口,0.4295661380509642,0.3205346533533845,0.6872930535481007,0.14710292929488078,1.0,-0.21438715797804003,-0.21438715797804075,0.14693586210733078
PB,A_中位数,0.47985303432768667,0.28715949673879604,0.809685836067339,0.22766375210843973,1.0,-0.23575439804375198,-0.2357543980437532,0.12556862204161912
PB,A_均值,0.44093026584857975,0.2378605465041347,0.7816660288043493,0.18578709264732557,1.0,-0.2383597710856018,-0.23835977108560313,0.12296324899976852
PB,B_中位数,0.4276657562899327,0.21275273139692194,0.7944690615875039,0.1833645234572757,1.0,-0.2370407757505526,-0.23704077575055427,0.12428224433481705
PB,B_均值,0.4466737191208297,0.23342928644815572,0.7805860751576937,0.1671069318511662,1.0,-0.24275044540467533,-0.2427504454046766,0.11857257468069571
PB,C_中位数,0.4718991747701756,0.2767138255715095,0.7927590651413359,0.22069446941208337,1.0,-0.23690385545312037,-0.2369038554531212,0.12441916463225056
PB,C_均值,0.47495337295875045,0.2794018234807421,0.7956608365193678,0.2230719856503726,1.0,-0.2366666089476951,-0.2366666089476971,0.12465641113767534
PB,单窗3年,0.41796115533199046,0.18221382492227597,0.7950559969639739,0.1475413023574949,0.9,-0.2431468946121101,-0.24314689461211214,0.11817612547326045
PB,单窗5年,0.48768117515165954,0.29067055110704376,0.8105353052661993,0.2294511081442312,1.0,-0.23361587386810578,-0.233615873868108,0.12770714621726498
PB,扩展窗口,0.4770712183567565,0.28340031001882543,0.7879132556703371,0.23091677042030714,1.0,-0.2362926921157924,-0.23629269211579496,0.12503032796957758
PE,A_中位数,0.27892008778860267,0.1226054486681563,0.5897749461569072,0.01065625445804072,0.6,-0.22331328170019077,-0.2233132817001926,0.13800973838517933
PE,A_均值,0.30857102846779105,0.1521509205896644,0.660092757472991,0.04157158942473485,0.7,-0.2059729808687179,-0.20597298086871973,0.15535003921665308
PE,B_中位数,0.2864187403057588,0.1290108983099568,0.6236051714454711,0.022287937506627192,0.65,-0.21300646266719775,-0.2130064626671988,0.14831655741817257
PE,B_均值,0.22375179999056993,0.06652794494575583,0.5827448969167505,-0.0401223378676471,0.2,-0.22394508141206748,-0.2239450814120718,0.13737793867330206
PE,C_中位数,0.3214048453973227,0.16048926875393865,0.6096624016995038,0.049746246784070094,0.85,-0.21667269725948024,-0.21667269725948246,0.14465032282589096
PE,C_均值,0.3333908427852944,0.18919161903515452,0.6381216445311815,0.06572809784784822,0.8,-0.20323732280002194,-0.20323732280002393,0.15808569728534894
PE,单窗3年,0.13055142738151557,-0.005100990005477562,0.5481105834773272,-0.10707370002139262,0.05,-0.23333906814444966,-0.23333906814445138,0.12798395194092094
PE,单窗5年,0.3456305668066928,0.15052230604927525,0.6463948070223217,0.06447430065254267,0.85,-0.217310166485301,-0.217310166485303,0.144012853600069
PE,扩展窗口,0.37471075183532376,0.280637222515901,0.6696186147312404,0.10363670482987974,0.95,-0.16043988003877885,-0.16043988003877985,0.20088314004659208
综合,A_中位数,0.3976316750559883,0.27529738451273006,0.6871486164941477,0.12025700181532673,1.0,-0.23704115977689016,-0.23704115977689244,0.12428186030848071
综合,A_均值,0.4145248808231641,0.2565381270428028,0.7098756268555562,0.13599539071993333,1.0,-0.23846897948704615,-0.2384689794870476,0.122854040598324
综合,B_中位数,0.3867581409362879,0.22311233703920405,0.696220035353895,0.12187768985942073,1.0,-0.23557520191289671,-0.23557520191289794,0.125747818172474
综合,B_均值,0.38671216096184957,0.24158107312903826,0.6834002577704633,0.10622891306220314,1.0,-0.23851980472336748,-0.23851980472336887,0.12280321536200256
综合,C_中位数,0.42856354273239666,0.28143671401757653,0.6904754534975359,0.14227699508522904,1.0,-0.23988898267589098,-0.23988898267589265,0.12143403740947989
综合,C_均值,0.4300178642595835,0.2868432659240505,0.7048911900614977,0.15880984155534777,1.0,-0.22960451376224417,-0.22960451376224544,0.13171850632312687
综合,单窗3年,0.3300494942269189,0.18204769800489165,0.6575806415152954,0.061993173609913674,0.85,-0.23599063685599403,-0.23599063685599497,0.12533238322937668
综合,单窗5年,0.43764866661549806,0.2703177505370207,0.7105522279622789,0.15479842368305968,1.0,-0.23760760753484494,-0.23760760753484633,0.12371541255052576
综合,扩展窗口,0.4610527649789754,0.33913615336486574,0.7226703305637822,0.17990811882045707,1.0,-0.20820627582802087,-0.20820627582802242,0.15311674425734967
