指标,规格,阈值,年化收益,年化波动,夏普,最大回撤,卡玛,年换手率,平均仓位,交易次数,起始日,结束日,年数,夏普差,超额年化,同仓位静态MDD,信号不足
ERP,A_均值,15/85,0.07540058155018237,0.13117313147264462,0.6196139518198374,-0.25080335391415476,0.3006362569457128,5.540236556018531,0.6335106382978724,408,2019-01-02,2026-09-30,7.743351672122447,0.13348517482308064,-0.0007838370427191155,-0.28114105273881973,
ERP,A_均值,20/80,0.07828533301397123,0.1333853330888778,0.6316261733762001,-0.2660176339708512,0.29428625405543346,5.785608338219818,0.6381382978723404,415,2019-01-02,2026-09-30,7.743351672122447,0.14549739637944337,0.002100914421069744,-0.2829654585543532,
ERP,A_均值,25/75,0.07532815367308276,0.13610668036448856,0.6014892493692239,-0.2723483599173606,0.27658750614815447,6.069723033400256,0.6402127659574468,418,2019-01-02,2026-09-30,7.743351672122447,0.11536047237246716,-0.0008562649198187167,-0.28378223069640995,
ERP,A_均值,30/70,0.08168946084756801,0.13852497663658797,0.6359673805411286,-0.2728731525999085,0.299367893357184,6.005151511768338,0.6412234042553191,384,2019-01-02,2026-09-30,7.743351672122447,0.14983860354437184,0.005505042254666526,-0.2841799065686432,
PE,A_均值,15/85,0.06353286264735014,0.10746329078282742,0.6267994325735256,-0.20722788729001818,0.3065845214087188,5.333607686796395,0.4724468085106383,382,2019-01-02,2026-09-30,7.743351672122447,0.14067065557676883,-0.01265155594555134,-0.21558885243859327,
PE,A_均值,20/80,0.06903357129160348,0.11032738286129438,0.660092757472991,-0.2059729808687195,0.3351583833978848,5.617722381976832,0.47797872340425535,401,2019-01-02,2026-09-30,7.743351672122447,0.1739639804762343,-0.007150847301298002,-0.21790684047494036,
PE,A_均值,25/75,0.06800217089175176,0.1128073922312119,0.639461552567049,-0.21381984514816332,0.31803488981404254,6.108465946379406,0.4818617021276596,422,2019-01-02,2026-09-30,7.743351672122447,0.15333277557029223,-0.008182247701149725,-0.21953105272560747,
PE,A_均值,30/70,0.07002993218932341,0.11606503480041995,0.6410492270912201,-0.2273661602212783,0.30800507921305686,6.173037468011323,0.4860106382978724,402,2019-01-02,2026-09-30,7.743351672122447,0.15492045009446342,-0.006154486403578074,-0.22126392706496323,
PB,A_均值,15/85,0.09467300467453876,0.12809329812745807,0.7700032646000947,-0.23645970179771292,0.40037690970079054,6.612123815108363,0.6030851063829789,476,2019-01-02,2026-09-30,7.743351672122447,0.283874487603338,0.01848858608163728,-0.2690643190257551,
PB,A_均值,20/80,0.09773672010201695,0.13008242737113693,0.7816660288043493,-0.23835977108560202,0.41003865567112335,6.276351902622391,0.6021808510638299,429,2019-01-02,2026-09-30,7.743351672122447,0.2955372518075926,0.021552301509115468,-0.2687032200258632,
PB,A_均值,25/75,0.10149661239836472,0.13302850438579408,0.7929706115720782,-0.23971390876886978,0.42340727294312713,6.870409901636034,0.6006914893617021,451,2019-01-02,2026-09-30,7.743351672122447,0.30684183457532144,0.025312193805463234,-0.2681081947458689,
PB,A_均值,30/70,0.10042130351457534,0.13547969422457085,0.7738568875680791,-0.2487499412737273,0.40370382803053845,6.043894424747488,0.6,358,2019-01-02,2026-09-30,7.743351672122447,0.2877281105713224,0.024236884921673862,-0.2678318170973616,
DY,A_均值,15/85,0.08138605023636858,0.12608715215083932,0.6834049554003075,-0.23722512532223738,0.3430751701609049,5.733951120914284,0.605531914893617,358,2019-01-02,2026-09-30,7.743351672122447,0.19727617840355083,0.005201631643467097,-0.2700407803627306,
DY,A_均值,20/80,0.07694630168949912,0.12759662535199764,0.6445621336958053,-0.23927426700983856,0.32158201820480437,6.069723033400256,0.6067553191489362,376,2019-01-02,2026-09-30,7.743351672122447,0.15843335669904857,0.0007618830965976375,-0.27052866603893666,
DY,A_均值,25/75,0.08156740791782746,0.12981439441888487,0.6687430444733699,-0.23999227040928006,0.33987514589000445,6.5604665978028285,0.6052659574468086,380,2019-01-02,2026-09-30,7.743351672122447,0.18261426747661313,0.00538298932492598,-0.26993468782715013,
DY,A_均值,30/70,0.08202129525248103,0.13203751538210873,0.6628689629325857,-0.23999227040927784,0.34176640402877817,7.025381553552637,0.6035106382978723,384,2019-01-02,2026-09-30,7.743351672122447,0.17674018593582896,0.0058368766595795485,-0.2692342044807784,
综合,A_均值,15/85,0.0820172579214864,0.12171372809852633,0.7083169010115395,-0.2271048997651255,0.3611426173821419,5.863094164178119,0.5820212765957447,428,2019-01-02,2026-09-30,7.743351672122447,0.22218812401478283,0.005832839328584916,-0.26062018237525963,
综合,A_均值,20/80,0.08450906615581233,0.125317775216933,0.7098756268555562,-0.23846897948704648,0.35438179983658136,6.276351902622392,0.5869148936170213,446,2019-01-02,2026-09-30,7.743351672122447,0.22374684985879945,0.008324647562910847,-0.26258803933056485,
综合,A_均值,25/75,0.08407139579547529,0.128338926570705,0.6929364013040252,-0.23628111115409334,0.35581090415918687,6.6121238151083634,0.5881382978723404,455,2019-01-02,2026-09-30,7.743351672122447,0.2068076243072685,0.007886977202573808,-0.2630794275729069,
综合,A_均值,30/70,0.08517540825521963,0.1319571921523703,0.6852115320366563,-0.2417633418431845,0.35230902917642143,5.9147513814836525,0.5893617021276596,382,2019-01-02,2026-09-30,7.743351672122447,0.19908275503989958,0.00899098966231815,-0.2635705854664502,
ERP,A_中位数,15/85,0.07672658529890186,0.13508795047975633,0.6146701507936357,-0.2696821705502681,0.28450744497623437,5.075321600268724,0.6563297872340426,379,2019-01-02,2026-09-30,7.743351672122447,0.12854137379687902,0.0005421667060003799,-0.2901054815704097,
ERP,A_中位数,20/80,0.07699300849229651,0.13737748735846755,0.608498306061746,-0.2722656562767345,0.28278634016932264,5.811436946872585,0.6614893617021277,416,2019-01-02,2026-09-30,7.743351672122447,0.12236952906498932,0.0008085898993950291,-0.2921213610582315,
ERP,A_中位数,25/75,0.08258919024274824,0.13967723329443063,0.637838782835895,-0.26733276835088327,0.30893777351808643,5.6435509906296,0.6648404255319149,386,2019-01-02,2026-09-30,7.743351672122447,0.1517100058391383,0.006404771649846763,-0.2934284643509417,
ERP,A_中位数,30/70,0.08186892216972796,0.1420703701380561,0.6247879851052228,-0.27522108927114486,0.29746602045118564,5.733951120914283,0.6657978723404255,363,2019-01-02,2026-09-30,7.743351672122447,0.1386592081084661,0.005684503576826483,-0.29380160732412575,
PE,A_中位数,15/85,0.06241737738718056,0.11252757323161663,0.5941993750829205,-0.2253221747182953,0.2770139133674557,6.030980120421105,0.49388297872340436,431,2019-01-02,2026-09-30,7.743351672122447,0.10807059808616382,-0.01376704120572092,-0.22454460560041056,
PE,A_中位数,20/80,0.06315010004604904,0.11502065209954042,0.5897749461569072,-0.22331328170019193,0.28278703158744883,6.0309801204211055,0.4996276595744681,429,2019-01-02,2026-09-30,7.743351672122447,0.10364616916015046,-0.013034318546852441,-0.22693254990235423,
PE,A_中位数,25/75,0.06608053466288677,0.11831827547951729,0.5998137287577099,-0.22961355263525673,0.28779021928142157,5.9276656858100365,0.5063829787234042,407,2019-01-02,2026-09-30,7.743351672122447,0.11368495176095317,-0.010103883930014712,-0.22973405229308452,
PE,A_中位数,30/70,0.06865529002573245,0.12097958233137875,0.6091845127883099,-0.23518174406310455,0.2919244021224313,6.134294555032173,0.5095744680851064,405,2019-01-02,2026-09-30,7.743351672122447,0.12305573579155316,-0.00752912856716903,-0.23105513774872433,
PB,A_中位数,15/85,0.09236696816097245,0.12890138294643358,0.7496173194003817,-0.23861703489631092,0.38709293408624307,5.733951120914282,0.6125,412,2019-01-02,2026-09-30,7.743351672122447,0.26348854240362496,0.01618254956807097,-0.2728165327871592,
PB,A_中位数,20/80,0.10305940411444192,0.1318427777187949,0.809685836067339,-0.23575439804375298,0.43714732352656016,6.198866076664091,0.6151595744680851,426,2019-01-02,2026-09-30,7.743351672122447,0.3235570590705823,0.02687498552154044,-0.27387401401769873,
PB,A_中位数,25/75,0.0983472733484112,0.13427835329871424,0.765537276767109,-0.24245705711071452,0.4056275965747713,6.302180511275158,0.6160106382978723,420,2019-01-02,2026-09-30,7.743351672122447,0.2794084997703523,0.02216285475550972,-0.2742121786535755,
PB,A_中位数,30/70,0.09881667707297437,0.1369529241109894,0.7563671751063749,-0.24874592323237366,0.39725948384955734,6.173037468011323,0.6128191489361702,379,2019-01-02,2026-09-30,7.743351672122447,0.27023839810961814,0.022632258480072887,-0.27294348788005307,
DY,A_中位数,15/85,0.07849362240435553,0.12891180435041671,0.6504534644870879,-0.23911830035420212,0.32826271468174617,5.746865425240667,0.6238829787234043,366,2019-01-02,2026-09-30,7.743351672122447,0.16432468749033113,0.0023092038114540525,-0.27733493167775813,
DY,A_中位数,20/80,0.07709377300004805,0.13138115070098727,0.6308083540394732,-0.24052673803482283,0.32052059421720763,5.785608338219817,0.6261702127659573,351,2019-01-02,2026-09-30,7.743351672122447,0.1446795770427165,0.0009093544071465676,-0.2782404354756616,
DY,A_中位数,25/75,0.08030105771917051,0.13333046108873853,0.645832193026361,-0.2399922704092794,0.33459851678650415,6.353837728580694,0.6281382978723404,378,2019-01-02,2026-09-30,7.743351672122447,0.15970341602960425,0.004116639126269028,-0.27901894771680447,
DY,A_中位数,30/70,0.08369583850429696,0.13557811805699602,0.6604688716286297,-0.24012101990999257,0.3485569007480881,7.089953075184554,0.63,378,2019-01-02,2026-09-30,7.743351672122447,0.17434009463187294,0.007511419911395478,-0.27975483159447656,
综合,A_中位数,15/85,0.08516199633965638,0.1252496964008736,0.7149710102346821,-0.2298476054021742,0.37051504709237576,5.9922372074419545,0.6022872340425532,441,2019-01-02,2026-09-30,7.743351672122447,0.2288422332379254,0.008977577746754895,-0.2687457087843057,
综合,A_中位数,20/80,0.08156960931473467,0.12927651244086763,0.6710138034115019,-0.23704115977688955,0.3441158041561664,5.785608338219817,0.6083510638297874,408,2019-01-02,2026-09-30,7.743351672122447,0.18488502641474513,0.0053851907218331885,-0.2711646930717939,
综合,A_中位数,25/75,0.08719812901661372,0.13235431870114714,0.6976732964209291,-0.23536252829219373,0.3704843317639778,5.837265555525351,0.6107978723404256,402,2019-01-02,2026-09-30,7.743351672122447,0.2115445194241724,0.011013710423712242,-0.2721391747866646,
综合,A_中位数,30/70,0.0862680352071834,0.13575470944951226,0.6772141473766324,-0.24230439940625692,0.3560316503479703,6.095551642053021,0.6110106382978724,396,2019-01-02,2026-09-30,7.743351672122447,0.19108537037987572,0.01008361661428192,-0.2722238688697123,
ERP,B_均值,15/85,0.07255895245397292,0.12946031743909317,0.6056326177831527,-0.26158667093607757,0.2773801592960512,6.224694685316857,0.6196808510638298,452,2019-01-02,2026-09-30,7.743351672122447,0.11950384078639598,-0.003625466138928557,-0.27566924008603777,
ERP,B_均值,20/80,0.07287632172892211,0.13244990244234317,0.5971337692184308,-0.2687365473096456,0.2711812831507135,6.198866076664091,0.6251595744680852,431,2019-01-02,2026-09-30,7.743351672122447,0.11100499222167404,-0.0033080968639793706,-0.27784042808778686,
ERP,B_均值,25/75,0.07577117467763794,0.1352042317475315,0.6075948225394071,-0.27684835087967496,0.27369198493282676,5.850179859851735,0.6291489361702128,393,2019-01-02,2026-09-30,7.743351672122447,0.12146604554265039,-0.0004132439152635392,-0.27941849347128067,
ERP,B_均值,30/70,0.07291965803909206,0.13738384584412602,0.5807869579557996,-0.283926711700756,0.25682563504608047,5.6435509906296,0.6339361702127659,353,2019-01-02,2026-09-30,7.743351672122447,0.09465818095904288,-0.0032647605538094204,-0.28130895118673127,
PE,B_均值,15/85,0.05569027598678522,0.1085551568538699,0.5533774407883162,-0.22012754658917633,0.2529909447940193,5.733951120914283,0.475904255319149,409,2019-01-02,2026-09-30,7.743351672122447,0.06724866379155947,-0.02049414260611626,-0.21703815163777607,
PE,B_均值,20/80,0.06032075304943274,0.11106439942314918,0.5827448969167505,-0.22394508141206748,0.26935511451774313,5.966408598789187,0.47824468085106386,419,2019-01-02,2026-09-30,7.743351672122447,0.09661611991999375,-0.01586366554346874,-0.21801816253343131,
PE,B_均值,25/75,0.06509796981525806,0.11410283707875973,0.6095728638040824,-0.2334409611883682,0.2788626703894061,6.043894424747488,0.48324468085106387,408,2019-01-02,2026-09-30,7.743351672122447,0.12344408680732566,-0.01108644877764342,-0.2201089742418636,
PE,B_均值,30/70,0.06388790518975762,0.11673621971728622,0.5886880137773524,-0.24383996184717716,0.2620075261896504,5.7985226425462,0.4846276595744681,362,2019-01-02,2026-09-30,7.743351672122447,0.10255923678059564,-0.01229651340314386,-0.2206865990127157,
PB,B_均值,15/85,0.09168700151853515,0.12370993618317651,0.7707382672663246,-0.2394935665606861,0.3828370124309885,6.6379524237611305,0.5796808510638299,468,2019-01-02,2026-09-30,7.743351672122447,0.28460949026956783,0.015502582925633668,-0.259677729950059,
PB,B_均值,20/80,0.0947504102607406,0.12611501710019216,0.7805860751576937,-0.24275044540467572,0.39032023238016095,6.896238510288802,0.574095744680851,470,2019-01-02,2026-09-30,7.743351672122447,0.294457298160937,0.01856599166783912,-0.2574252866615476,
PB,B_均值,25/75,0.09590144986948812,0.12815523262391926,0.7783496675367749,-0.24733221486538814,0.3877434644802861,6.405494945886227,0.5732978723404256,418,2019-01-02,2026-09-30,7.743351672122447,0.2922208905400182,0.01971703127658664,-0.2571031167251421,
PB,B_均值,30/70,0.10013575273903319,0.13066034238408325,0.7954302633668857,-0.25310027155985027,0.39563668628997983,6.6121238151083634,0.573776595744681,399,2019-01-02,2026-09-30,7.743351672122447,0.309301486370129,0.02395133414613171,-0.25729643045868755,
DY,B_均值,15/85,0.07357780086841514,0.12331864448916287,0.6371581394049088,-0.23717298929078856,0.3102284163488966,6.5733809021292124,0.5861702127659575,423,2019-01-02,2026-09-30,7.743351672122447,0.15102936240815212,-0.0026066177244863376,-0.2622888206538254,
DY,B_均值,20/80,0.07836086757501959,0.12536725353216818,0.6642149118868658,-0.2417778604230406,0.3241027422358315,6.392580641559843,0.5827127659574468,388,2019-01-02,2026-09-30,7.743351672122447,0.17808613489010905,0.0021764489821181066,-0.2608984728023118,
DY,B_均值,25/75,0.08052748556667977,0.126939244000596,0.6733499415509209,-0.24084209934110123,0.3343580121041456,6.934981423267952,0.5789893617021277,404,2019-01-02,2026-09-30,7.743351672122447,0.18722116455416415,0.004343066973778287,-0.2593991166538625,
DY,B_均值,30/70,0.0802503856735226,0.12973287525921273,0.6596357301294075,-0.2404365556790088,0.3337694862866846,6.844581292983267,0.575531914893617,367,2019-01-02,2026-09-30,7.743351672122447,0.17350695313265074,0.0040659670806211246,-0.2580049453537415,
综合,B_均值,15/85,0.07402534360510438,0.120313198896915,0.6535448127770498,-0.2357077305099723,0.3140556461383116,6.379666337233459,0.5685106382978724,467,2019-01-02,2026-09-30,7.743351672122447,0.16741603578029307,-0.002159074987797105,-0.25516803675090005,
综合,B_均值,20/80,0.07872048238877127,0.12349108289403221,0.6751351932396757,-0.23851980472336887,0.33003750979953184,6.37966633723346,0.569468085106383,455,2019-01-02,2026-09-30,7.743351672122447,0.18900641624291903,0.002536063795869792,-0.25555533534586505,
综合,B_均值,25/75,0.07847060685086715,0.12606837873486215,0.6620418978716034,-0.2459600277692814,0.3190380468019591,6.043894424747488,0.572127659574468,404,2019-01-02,2026-09-30,7.743351672122447,0.17591312087484667,0.002286188257965671,-0.2566304233625877,
综合,B_均值,30/70,0.08254331181265528,0.12957059924026512,0.6766537357224682,-0.24604480424083408,0.3354808164608104,5.708122512261517,0.5756382978723404,369,2019-01-02,2026-09-30,7.743351672122447,0.1905249587257115,0.006358893219753803,-0.25804787039244437,
ERP,B_中位数,15/85,0.0788428826150771,0.13397194498242954,0.6332425158203318,-0.2530645655950843,0.31155243891880774,6.224694685316858,0.6372340425531916,445,2019-01-02,2026-09-30,7.743351672122447,0.14711373882357504,0.0026584640221756217,-0.282609223382711,
ERP,B_中位数,20/80,0.079888576277926,0.13621319095377502,0.632157388285919,-0.2594587271244859,0.3079047568116535,6.018065816094721,0.6422340425531915,421,2019-01-02,2026-09-30,7.743351672122447,0.14602861128916234,0.003704157685024523,-0.28457742603256797,
ERP,B_中位数,25/75,0.08111217220721234,0.13847607187703143,0.6322320780062317,-0.2705592989706612,0.29979443514158405,5.9018370771572695,0.6456382978723404,380,2019-01-02,2026-09-30,7.743351672122447,0.146103301009475,0.004927753614310859,-0.28591528842348857,
ERP,B_中位数,30/70,0.07992097904973283,0.14047358681688013,0.6173505964375294,-0.27098591653289716,0.29492668870867533,5.398179208428313,0.6481914893617021,329,2019-01-02,2026-09-30,7.743351672122447,0.1312218194407727,0.0037365604568313504,-0.2869175210873286,
PE,B_中位数,15/85,0.060372424000227465,0.10990125873958918,0.5881898132159428,-0.21031913649957767,0.28705150185108663,5.772694033893435,0.48117021276595745,417,2019-01-02,2026-09-30,7.743351672122447,0.10206103621918605,-0.015811994592674017,-0.21924198067961487,
PE,B_中位数,20/80,0.06591920745937419,0.11248204903512628,0.6236051714454711,-0.21300646266719758,0.3094704575342707,6.0309801204211055,0.48404255319148937,422,2019-01-02,2026-09-30,7.743351672122447,0.1374763944487144,-0.010265211133527297,-0.22044225551549168,
PE,B_中位数,25/75,0.07117040359214832,0.11510576842336537,0.6546446771294488,-0.2244830917790146,0.3170412659061637,5.746865425240667,0.488936170212766,391,2019-01-02,2026-09-30,7.743351672122447,0.16851590013269213,-0.005014015000753158,-0.2224842203436317,
PE,B_中位数,30/70,0.0714791268459467,0.11772089578746102,0.6451436945149436,-0.23291504608403946,0.30688926304982417,5.785608338219817,0.490531914893617,365,2019-01-02,2026-09-30,7.743351672122447,0.15901491751818686,-0.004705291746954776,-0.22314927536242646,
PB,B_中位数,15/85,0.09498201676952789,0.1267018003326328,0.7792349064821881,-0.23295419419858832,0.40772829652750453,6.586295206455596,0.5913829787234044,470,2019-01-02,2026-09-30,7.743351672122447,0.29310612948543135,0.018797598176626407,-0.2643815591148937,
PB,B_中位数,20/80,0.09862218698669101,0.1287898699282878,0.7944690615875039,-0.2370407757505527,0.4160557890279392,6.986638640573486,0.5882978723404255,477,2019-01-02,2026-09-30,7.743351672122447,0.30834028459074714,0.022437768393789526,-0.26314350470870473,
PB,B_中位数,25/75,0.09945258724808981,0.13113717147393072,0.7883006965815168,-0.24278664296359964,0.40962956624842195,6.521723684823678,0.5877127659574468,415,2019-01-02,2026-09-30,7.743351672122447,0.3021719195847601,0.023268168655188326,-0.26290853605118814,
PB,B_中位数,30/70,0.10220558316074269,0.13367202329364694,0.7945950386181713,-0.24781050989770181,0.4124344169379014,6.185951772337706,0.5882446808510639,371,2019-01-02,2026-09-30,7.743351672122447,0.30846626162141455,0.026021164567841204,-0.26312214609887874,
DY,B_中位数,15/85,0.07635101631803343,0.12424320126825922,0.654118507042116,-0.2398605393514175,0.3183142025965857,5.656465294955982,0.5904255319148937,364,2019-01-02,2026-09-30,7.743351672122447,0.16798973004535933,0.00016659772513194504,-0.2639974920663397,
DY,B_中位数,20/80,0.07765253593151922,0.1256738527524225,0.6577102109647298,-0.23909079368263575,0.3247826264468954,6.069723033400256,0.5865957446808512,375,2019-01-02,2026-09-30,7.743351672122447,0.1715814339679731,0.001468117338617736,-0.2624598132068853,
DY,B_中位数,25/75,0.0784196072163248,0.12791161162052664,0.6539997075133104,-0.23886787379824415,0.32829700356675273,6.198866076664091,0.5838829787234043,353,2019-01-02,2026-09-30,7.743351672122447,0.16787093051655366,0.002235188623423312,-0.26136925810975786,
DY,B_中位数,30/70,0.08175143189394585,0.1298783596131871,0.6698072532656978,-0.24040433470146172,0.34005806091419355,6.767095467024967,0.5804255319148935,368,2019-01-02,2026-09-30,7.743351672122447,0.18367847626894107,0.005567013301044366,-0.25997769267877446,
综合,B_中位数,15/85,0.08408743443692424,0.12237892125575602,0.7207244753643646,-0.2322240126802949,0.3620962081672761,6.043894424747488,0.5777127659574468,437,2019-01-02,2026-09-30,7.743351672122447,0.23459569836760785,0.007903015844022754,-0.25888456015087635,
综合,B_中位数,20/80,0.0829495955513957,0.1257875316855,0.696220035353895,-0.23557520191289705,0.3521151414827863,6.12138025070579,0.5801595744680851,431,2019-01-02,2026-09-30,7.743351672122447,0.21009125835713827,0.006765176958494212,-0.2598705729371755,
综合,B_中位数,25/75,0.08692014245315427,0.12883610878745422,0.7111019507201974,-0.24273439907267558,0.35808745190305746,5.9922372074419545,0.5815425531914893,403,2019-01-02,2026-09-30,7.743351672122447,0.22497317372344072,0.010735723860252788,-0.2604274766402228,
综合,B_中位数,30/70,0.08546651064581967,0.1318108796233301,0.6878472546114021,-0.2461086799945531,0.347271419470907,5.811436946872585,0.5848936170212766,370,2019-01-02,2026-09-30,7.743351672122447,0.20171847761464534,0.00928209205291819,-0.26177567575163085,
ERP,C_均值,15/85,0.07312612285144637,0.13083806979951595,0.6047001777065629,-0.25503000004889853,0.2867353755927751,5.385264904101929,0.6490957446808511,398,2019-01-02,2026-09-30,7.743351672122447,0.11857140070980621,-0.003058295741455108,-0.28727223926571943,
ERP,C_均值,20/80,0.07592649911661997,0.13430986158311947,0.6119007026585047,-0.2594449336264195,0.2926497660037109,5.411093512754696,0.6593617021276597,395,2019-01-02,2026-09-30,7.743351672122447,0.125771925661748,-0.0002579194762815096,-0.2912905635698576,
ERP,C_均值,25/75,0.07598518735013582,0.13639032337033366,0.6050171257656761,-0.26614054537565757,0.28550774645359905,5.9405799901364205,0.6666489361702128,409,2019-01-02,2026-09-30,7.743351672122447,0.1188883487689194,-0.00019923124276566284,-0.2941331724161591,
ERP,C_均值,30/70,0.07787112577656496,0.1385873772888588,0.6102383063639687,-0.2792442114764795,0.2788638853598009,6.198866076664091,0.6700531914893617,407,2019-01-02,2026-09-30,7.743351672122447,0.12410952936721198,0.0016867071836634828,-0.29545832662701677,
PE,C_均值,15/85,0.06431727491800276,0.10438607240705983,0.6492031964287539,-0.1956543060819046,0.3287291560609882,5.656465294955983,0.46478723404255323,412,2019-01-02,2026-09-30,7.743351672122447,0.1630744194319972,-0.011867143674898717,-0.21237148649806992,
PE,C_均值,20/80,0.06483723892968829,0.1074738801179527,0.6381216445311815,-0.20323732280002293,0.3190223037600502,5.759779729567051,0.470904255319149,410,2019-01-02,2026-09-30,7.743351672122447,0.15199286753442476,-0.011347179663213192,-0.21494164331824983,
PE,C_均值,25/75,0.07110144354362524,0.10980007305329172,0.6803218693615485,-0.20123345460347997,0.3533281465734757,6.263437598296008,0.4754255319148937,432,2019-01-02,2026-09-30,7.743351672122447,0.19419309236479176,-0.005082975049276239,-0.21683759012343462,
PE,C_均值,30/70,0.07402896702399309,0.1123196098120109,0.6918437484774258,-0.20926632899315856,0.3537547936171484,6.63795242376113,0.48026595744680856,441,2019-01-02,2026-09-30,7.743351672122447,0.20571497148066908,-0.0021554515689083953,-0.21886385143513198,
PB,C_均值,15/85,0.09677746767562612,0.13135323763245874,0.7687535206666016,-0.23300852023705065,0.415338750605213,6.134294555032173,0.6342021276595745,443,2019-01-02,2026-09-30,7.743351672122447,0.2826247436698449,0.020593049082724635,-0.2814138736253117,
PB,C_均值,20/80,0.10238215894899172,0.13370943929149295,0.7956608365193678,-0.23666660894769476,0.43260077711942463,6.056808729073872,0.6384042553191489,424,2019-01-02,2026-09-30,7.743351672122447,0.3095320595226111,0.026197740356090238,-0.2830702097674639,
PB,C_均值,25/75,0.10471996391285177,0.13735002209974123,0.7936323738891243,-0.23932060513784947,0.4375718666285868,6.315094815601542,0.6412765957446809,424,2019-01-02,2026-09-30,7.743351672122447,0.3075035968923676,0.028535545319950284,-0.284200832544927,
PB,C_均值,30/70,0.1048146218032664,0.13958197559694674,0.7837399765379502,-0.24716745549117136,0.4240631987531639,6.45715216319176,0.6430319148936171,410,2019-01-02,2026-09-30,7.743351672122447,0.2976111995411935,0.028630203210364913,-0.2848911467163904,
DY,C_均值,15/85,0.07701140819761898,0.12751483713320247,0.6453892814120957,-0.2362717810912529,0.325944164139837,5.837265555525351,0.6263297872340425,378,2019-01-02,2026-09-30,7.743351672122447,0.159260504415339,0.0008269896047174985,-0.27830358021756485,
DY,C_均值,20/80,0.07847980848580827,0.12988982170875216,0.6464514891692661,-0.23903314364958872,0.32832186904112326,5.566065164671297,0.6313829787234042,344,2019-01-02,2026-09-30,7.743351672122447,0.16032271217250937,0.002295389892906785,-0.2803011442236476,
DY,C_均值,25/75,0.079187918429245,0.13214780852914917,0.6426272349462253,-0.23967920554350475,0.33039127549540964,5.914751381483653,0.6353191489361703,350,2019-01-02,2026-09-30,7.743351672122447,0.1564984579494686,0.003003499836343515,-0.2818544295069846,
DY,C_均值,30/70,0.0855102228281639,0.13445890514518166,0.6772947612717919,-0.24027563919722483,0.35588386369029595,6.93498142326795,0.6420212765957447,385,2019-01-02,2026-09-30,7.743351672122447,0.19116598427503517,0.009325804235262414,-0.2844937507215085,
综合,C_均值,15/85,0.08063461900199487,0.12265263890514787,0.6934501718999561,-0.2192548212847223,0.3677666859479614,5.630636686303215,0.5982446808510639,415,2019-01-02,2026-09-30,7.743351672122447,0.20732139490319934,0.0044502004090933855,-0.26712991290791455,
综合,C_均值,20/80,0.0840680982822819,0.12568565366732903,0.7048911900614977,-0.22960451376224422,0.3661430557473035,5.695208207935132,0.6062234042553193,409,2019-01-02,2026-09-30,7.743351672122447,0.21876241306474098,0.007883679689380418,-0.27031657008939436,
综合,C_均值,25/75,0.08394721132720195,0.12900389172449622,0.6891938666153812,-0.23520826937459038,0.35690586708713223,6.237608989643241,0.6117553191489361,431,2019-01-02,2026-09-30,7.743351672122447,0.20306508961862446,0.007762792734300472,-0.2725202434098818,
综合,C_均值,30/70,0.09124615525324398,0.13159453815940558,0.7291523305907114,-0.23970445978316202,0.3806610662804762,6.366752032907076,0.6132446808510639,419,2019-01-02,2026-09-30,7.743351672122447,0.24302355359395467,0.015061736660342495,-0.27311273700750105,
ERP,C_中位数,15/85,0.07013765771092118,0.13275493434964605,0.5768617756870222,-0.26878008312046,0.2609481212173276,4.804121209414671,0.6587234042553192,357,2019-01-02,2026-09-30,7.743351672122447,0.09073299869026552,-0.0060467608819803065,-0.29104118940218804,
ERP,C_中位数,20/80,0.07106967309213341,0.13550556657629842,0.574312710529385,-0.2783880003571805,0.25529000172762045,5.514407947365765,0.6682446808510638,404,2019-01-02,2026-09-30,7.743351672122447,0.08818393353262832,-0.00511474550076807,-0.294754558800742,
ERP,C_中位数,25/75,0.07446923913673009,0.13753207890215957,0.5908855916041107,-0.28128592870022096,0.26474569659719915,5.733951120914282,0.6748936170212766,397,2019-01-02,2026-09-30,7.743351672122447,0.10475681460735398,-0.0017151794561713896,-0.29733948391811893,
ERP,C_中位数,30/70,0.07697993207364995,0.13952746302334848,0.601133309762829,-0.2841700762663103,0.2708938713220041,6.043894424747488,0.6787765957446809,394,2019-01-02,2026-09-30,7.743351672122447,0.11500453276607225,0.0007955134807484665,-0.2988459596059203,
PE,C_中位数,15/85,0.062027262237875025,0.10695838914579146,0.6159936418393337,-0.21287483361941273,0.2913790286209697,5.8889227728308855,0.4737234042553192,424,2019-01-02,2026-09-30,7.743351672122447,0.12986486484257698,-0.014157156355026457,-0.21612419439883424,
PE,C_中位数,20/80,0.06281164189892685,0.10978051910099848,0.6096624016995038,-0.21667269725948157,0.28989181698193045,6.069723033400256,0.4786170212765958,430,2019-01-02,2026-09-30,7.743351672122447,0.12353362470274709,-0.01337277669397463,-0.2181739949725725,
PE,C_中位数,25/75,0.06675575146199386,0.11178452200755955,0.6338383694520354,-0.2137746458328319,0.31227160359416856,6.082637337726639,0.4819148936170213,416,2019-01-02,2026-09-30,7.743351672122447,0.1477095924552787,-0.00942866713090762,-0.21955328596371215,
PE,C_中位数,30/70,0.07027523903354194,0.11420548220892625,0.6516447339306382,-0.21593445626494379,0.32544708356926955,6.379666337233459,0.48547872340425535,425,2019-01-02,2026-09-30,7.743351672122447,0.16551595693388144,-0.005909179559359545,-0.22104191292701614,
PB,C_中位数,15/85,0.0956218792385033,0.13150251435990357,0.7600111652125503,-0.23165939554021575,0.4127692685009336,6.0309801204211055,0.6353723404255319,433,2019-01-02,2026-09-30,7.743351672122447,0.2738823882157936,0.019437460645601812,-0.28187540358961916,
PB,C_中位数,20/80,0.10227771538951269,0.13415407789728653,0.7927590651413359,-0.23690385545312087,0.4317266816696095,6.315094815601541,0.6404787234042553,444,2019-01-02,2026-09-30,7.743351672122447,0.30663028814457916,0.02609329679661121,-0.2838868974068639,
PB,C_中位数,25/75,0.10214525186453849,0.13779325693961084,0.7745860434697331,-0.2412327597861743,0.42343026691349367,6.37966633723346,0.6442021276595745,428,2019-01-02,2026-09-30,7.743351672122447,0.2884572664729764,0.025960833271637007,-0.2853510940817602,
PB,C_中位数,30/70,0.10191009645640481,0.14011198522496257,0.7625131733621713,-0.24583156743555323,0.41455252276793697,6.392580641559843,0.6465957446808511,403,2019-01-02,2026-09-30,7.743351672122447,0.27638439636541456,0.025725677863503327,-0.28629124258786887,
DY,C_中位数,15/85,0.07774321378274918,0.12898650406748677,0.6447580443603447,-0.2399375523171846,0.3240143655378163,5.359436295449162,0.6347340425531915,342,2019-01-02,2026-09-30,7.743351672122447,0.15862926736358796,0.0015587951898476948,-0.28162368598526555,
DY,C_中位数,20/80,0.07843550150656675,0.13124000506212088,0.640830851538859,-0.23821700572260596,0.32926071448442984,6.018065816094721,0.6395744680851064,376,2019-01-02,2026-09-30,7.743351672122447,0.15470207454210227,0.00225108291366527,-0.28353098639337193,
DY,C_中位数,25/75,0.07866770236899967,0.13389653484363925,0.6323731007137734,-0.23999227040927928,0.3277926503001156,6.056808729073872,0.6460106382978723,361,2019-01-02,2026-09-30,7.743351672122447,0.14624432371701668,0.0024832837760981885,-0.28606150949325093,
DY,C_中位数,30/70,0.0827973994432516,0.137056424110731,0.6487804033833623,-0.24058845847926147,0.34414535080613046,6.728352554045815,0.6548936170212765,372,2019-01-02,2026-09-30,7.743351672122447,0.16265162638660557,0.006612980850350114,-0.2895436363999382,
综合,C_中位数,15/85,0.07848855280609879,0.12418827697447118,0.6703905432179962,-0.22577300398111066,0.34764365722247975,5.695208207935132,0.6061702127659575,420,2019-01-02,2026-09-30,7.743351672122447,0.18426176622123946,0.0023041342131973064,-0.2702953581034667,
综合,C_中位数,20/80,0.08272225839570901,0.12770828578647134,0.6859991579830184,-0.23988898267589032,0.34483558799977726,6.005151511768337,0.6136702127659576,433,2019-01-02,2026-09-30,7.743351672122447,0.19987038098626164,0.006537839802807532,-0.273281958330555,
综合,C_中位数,25/75,0.0826193706718561,0.13013365922209083,0.6749090939283938,-0.2377686001008521,0.3474780548685243,6.237608989643241,0.6195212765957447,426,2019-01-02,2026-09-30,7.743351672122447,0.1887803169316371,0.006434952078954614,-0.27560593257788457,
综合,C_中位数,30/70,0.08755971776364224,0.13281499664394583,0.6981808384716236,-0.24225398724668912,0.3614376743961679,6.353837728580693,0.6223404255319149,417,2019-01-02,2026-09-30,7.743351672122447,0.21205206147486688,0.01137529917074076,-0.276723789981147,
ERP,单窗3年,15/85,0.07513021536883424,0.13057486214675687,0.619949726278106,-0.26507252429519623,0.28343267778732883,5.359436295449162,0.5909574468085106,377,2019-01-02,2026-09-30,7.743351672122447,0.13382094928134924,-0.0010542032240672405,-0.2642108800622347,
ERP,单窗3年,20/80,0.0763334590618554,0.13273202096703385,0.6204302963525343,-0.2657840491696507,0.2872010540148387,5.2561218608380935,0.5947872340425532,358,2019-01-02,2026-09-30,7.743351672122447,0.1343015193557776,0.00014904046895392042,-0.265745988656801,
ERP,单窗3年,25/75,0.07620782620882705,0.13499136744885976,0.6114028014426884,-0.25831791290742423,0.2950156470029175,5.2302932521853265,0.5992553191489361,335,2019-01-02,2026-09-30,7.743351672122447,0.12527402444593172,2.340761592556362e-05,-0.2675340974188499,
ERP,单窗3年,30/70,0.07591745285763984,0.13679705448620424,0.6031733226826083,-0.2668049559307506,0.284542888616148,4.920349948352121,0.6029787234042554,290,2019-01-02,2026-09-30,7.743351672122447,0.11704454568585154,-0.00026696573526163725,-0.26902184331349566,
PE,单窗3年,15/85,0.055918572851669124,0.11347626234674849,0.5361193692827144,-0.2374159941612315,0.23552993154157206,5.1915503392061755,0.4779255319148936,362,2019-01-02,2026-09-30,7.743351672122447,0.0499905922859577,-0.020265845741232358,-0.21788457474587963,
PE,单窗3年,20/80,0.0588378378707366,0.1166979238190024,0.5481105834773272,-0.23333906814445027,0.25215596487388303,4.933264252678505,0.48260638297872344,331,2019-01-02,2026-09-30,7.743351672122447,0.0619818064805705,-0.017346580722164884,-0.2198422781096686,
PE,单窗3年,25/75,0.05208313415174448,0.11923934584121008,0.4852769095158062,-0.2486102617784357,0.2094971212337227,4.377949166644014,0.4892553191489362,281,2019-01-02,2026-09-30,7.743351672122447,-0.0008518674809505078,-0.024101284441157,-0.22261726294023776,
PE,单窗3年,30/70,0.05375092732936104,0.12162403882704297,0.49114878872629525,-0.24780049479299548,0.216912106548709,4.042177254158042,0.4929787234042553,233,2019-01-02,2026-09-30,7.743351672122447,0.005020011729538532,-0.02243349126354044,-0.2241682594506782,
PB,单窗3年,15/85,0.08704149916340098,0.12169575729335105,0.7464390708424518,-0.24239994094011152,0.3590821797473369,6.069723033400256,0.5389893617021277,420,2019-01-02,2026-09-30,7.743351672122447,0.26031029384569504,0.0108570805704995,-0.24315691922393312,
PB,单窗3年,20/80,0.09517084650374064,0.123970248678404,0.7950559969639739,-0.24314689461211014,0.3914129631619016,5.9534942944628035,0.5368085106382979,386,2019-01-02,2026-09-30,7.743351672122447,0.30892721996721717,0.018986427910839154,-0.24226427326774247,
PB,单窗3年,25/75,0.09541543520332585,0.12492836539230262,0.791702314043862,-0.24059992363867488,0.39657300700817194,5.695208207935133,0.5363297872340426,347,2019-01-02,2026-09-30,7.743351672122447,0.3055735370471053,0.019231016610424367,-0.24206822820604235,
PB,单窗3年,30/70,0.09815918075167196,0.12751672014284263,0.7977525291553019,-0.2506659787648169,0.3915935510489365,5.359436295449162,0.5359574468085107,286,2019-01-02,2026-09-30,7.743351672122447,0.3116237521585452,0.021974762158770478,-0.24191572422392427,
DY,单窗3年,15/85,0.07293431723850885,0.12246718788196627,0.6358784158801555,-0.23949754015912927,0.30453054837243476,5.979322903115571,0.5549468085106383,381,2019-01-02,2026-09-30,7.743351672122447,0.14974963888339876,-0.0032501013543926316,-0.24966611891784396,
DY,单窗3年,20/80,0.07570377996238564,0.12557994063632802,0.6436269616513656,-0.24137596104249637,0.31363429744794397,5.9405799901364205,0.5571276595744681,360,2019-01-02,2026-09-30,7.743351672122447,0.15749818465460885,-0.00048063863051583944,-0.2505526558570873,
DY,单窗3年,25/75,0.073073927508996,0.12794026280423892,0.6149446989568605,-0.2409705054189939,0.30324843026716797,5.553150860344915,0.5594148936170213,320,2019-01-02,2026-09-30,7.743351672122447,0.12881592196010383,-0.0031104910839054867,-0.25148165001310985,
DY,单窗3年,30/70,0.07392505660926507,0.1303017134995103,0.6122020196948627,-0.24115997671195144,0.3065394914080761,5.1786360348797915,0.5625,269,2019-01-02,2026-09-30,7.743351672122447,0.12607324269810594,-0.00225936198363641,-0.25273343338044496,
综合,单窗3年,15/85,0.0789648575492039,0.12061377736028916,0.6902699571890297,-0.2390552081607208,0.3303205906148446,5.811436946872585,0.5417553191489362,414,2019-01-02,2026-09-30,7.743351672122447,0.204141180192273,0.0027804389563024223,-0.24428799835989834,
综合,单窗3年,20/80,0.07682200574504638,0.12425877791167309,0.6575806415152954,-0.23599063685599408,0.32552988867911997,5.42400781708108,0.5480319148936171,375,2019-01-02,2026-09-30,7.743351672122447,0.17145186451853867,0.0006375871521449028,-0.24685029390237256,
综合,单窗3年,25/75,0.07996585619726648,0.1267875804084434,0.6699535616445311,-0.24482018868400512,0.326630972008931,4.946178557004889,0.5543617021276596,328,2019-01-02,2026-09-30,7.743351672122447,0.1838247846477744,0.003781437604365001,-0.2494281426610283,
综合,单窗3年,30/70,0.07691191239457851,0.12952087257504155,0.6366422221212955,-0.24854776293994196,0.3094452007325577,5.101150208921491,0.5582446808510638,310,2019-01-02,2026-09-30,7.743351672122447,0.1505134451245388,0.000727493801677026,-0.2510064515214524,
ERP,单窗5年,15/85,0.07540331891518659,0.13516212673266872,0.605304824186551,-0.2770781758844154,0.27213734417914415,5.398179208428312,0.651968085106383,397,2019-01-02,2026-09-30,7.743351672122447,0.11917604718979424,-0.0007810996777148915,-0.28839816127539963,
ERP,单窗5年,20/80,0.0786761747934932,0.1368734410376872,0.6216482588968134,-0.28422495049928276,0.27680952940720716,5.746865425240667,0.6572340425531914,411,2019-01-02,2026-09-30,7.743351672122447,0.1355194819000567,0.0024917562005917215,-0.29045907414236427,
ERP,单窗5年,25/75,0.08099432590983113,0.13937604220353306,0.6283454460952905,-0.28352247051736235,0.28567162864387924,5.475665034386613,0.6619680851063829,372,2019-01-02,2026-09-30,7.743351672122447,0.1422166690985338,0.004809907316929651,-0.29230819515094264,
ERP,单窗5年,30/70,0.0813467154997276,0.14213296756326943,0.6211706904014845,-0.2896124887877348,0.2808812418284521,5.2302932521853265,0.6634574468085106,332,2019-01-02,2026-09-30,7.743351672122447,0.13504191340472782,0.005162296906826125,-0.29288923282623025,
PE,单窗5年,15/85,0.06973219718127166,0.1131695841906013,0.6521147286653295,-0.21517637022482894,0.324069957627835,6.121380250705791,0.49984042553191493,437,2019-01-02,2026-09-30,7.743351672122447,0.16598595166857277,-0.0064522214116298215,-0.22702089404953152,
PE,单窗5年,20/80,0.0704535078096502,0.11565275392868837,0.6463948070223217,-0.217310166485303,0.32420714110683396,6.302180511275158,0.5061170212765959,442,2019-01-02,2026-09-30,7.743351672122447,0.16026603002556494,-0.005730910783251275,-0.22962389062209798,
PE,单窗5年,25/75,0.07618952475749663,0.11955373857604402,0.6738157556938836,-0.22176462099992977,0.34356032271495984,6.224694685316857,0.5125,423,2019-01-02,2026-09-30,7.743351672122447,0.18768697869712692,5.1061645951477885e-06,-0.23226474697910005,
PE,单窗5年,30/70,0.07594070630713867,0.12276893094322383,0.6574649652607384,-0.2243206919873162,0.33853634113892894,6.211780380990475,0.5188297872340426,410,2019-01-02,2026-09-30,7.743351672122447,0.17133618826398167,-0.00024371228576280934,-0.23487736628013178,
PB,单窗5年,15/85,0.09760054665897866,0.12889723631727912,0.7867231491957286,-0.22917874692752682,0.42587084521342145,6.082637337726638,0.605531914893617,434,2019-01-02,2026-09-30,7.743351672122447,0.3005943721989719,0.021416128066077178,-0.2700407803627306,
PB,单窗5年,20/80,0.1030177814258384,0.13162233704481302,0.8105353052661993,-0.2336158738681059,0.44097081127286686,6.289266206948776,0.6069680851063829,430,2019-01-02,2026-09-30,7.743351672122447,0.3244065282694426,0.026833362832936913,-0.27061349224683096,
PB,单窗5年,25/75,0.10346562908080936,0.13454047818861867,0.798881452601087,-0.23729386646827821,0.4360231919211481,6.6250381194347465,0.6066489361702128,441,2019-01-02,2026-09-30,7.743351672122447,0.3127526756043303,0.02728121048790788,-0.27048625032675544,
PB,单窗5年,30/70,0.10222772467975982,0.1377467428903481,0.775313637094251,-0.24207637704108842,0.42229533475878306,6.005151511768338,0.6047340425531915,369,2019-01-02,2026-09-30,7.743351672122447,0.28918486009749433,0.026043306086858342,-0.2697224701481794,
DY,单窗5年,15/85,0.08169380549976935,0.12881284649511046,0.6738672614786162,-0.24025137555353726,0.34003470453206547,6.405494945886228,0.6163829787234043,394,2019-01-02,2026-09-30,7.743351672122447,0.18773848448185948,0.005509386906867864,-0.2743600907176592,
DY,单窗5年,20/80,0.08446804035464472,0.13144886811135104,0.682475160249438,-0.2384025265527474,0.35430849486385735,6.263437598296008,0.6186170212765958,375,2019-01-02,2026-09-30,7.743351672122447,0.19634638325268128,0.008283621761743243,-0.27524711621846243,
DY,单窗5年,25/75,0.08374766359569974,0.13306831564731053,0.6707659105202194,-0.24034356678104363,0.348449782606393,6.315094815601542,0.6191489361702127,356,2019-01-02,2026-09-30,7.743351672122447,0.18463713352346267,0.007563245002798258,-0.2754581998622825,
DY,单窗5年,30/70,0.08682387506653799,0.1354234404798231,0.6823705067780503,-0.24012101990999235,0.36158381760615255,6.6766953367402815,0.6192021276595745,344,2019-01-02,2026-09-30,7.743351672122447,0.19624172978129362,0.01063945647363651,-0.2754793058385244,
综合,单窗5年,15/85,0.08648547210499902,0.1253628994093337,0.7241849009254279,-0.22665557168550254,0.38157223077225966,5.695208207935132,0.5980319148936171,419,2019-01-02,2026-09-30,7.743351672122447,0.23805612392867115,0.010301053512097536,-0.267044801420253,
综合,单窗5年,20/80,0.08653292129127044,0.1283709775995868,0.7105522279622789,-0.23760760753484478,0.3641841361437913,6.237608989643241,0.6018617021276595,444,2019-01-02,2026-09-30,7.743351672122447,0.2244234509655222,0.010348502698368955,-0.2685757433130943,
综合,单窗5年,25/75,0.09199314082485621,0.13287281818540542,0.7285932322546191,-0.23737571457154338,0.38754234396261344,5.876008468504502,0.6070212765957447,402,2019-01-02,2026-09-30,7.743351672122447,0.24246445525786242,0.01580872223195473,-0.2706346977120542,
综合,单窗5年,30/70,0.09101250176332654,0.1358304298796217,0.7090175667551859,-0.24027443008712956,0.3787856316226538,5.617722381976832,0.6086170212765958,366,2019-01-02,2026-09-30,7.743351672122447,0.22288878975842918,0.014828083170425055,-0.27127065954445984,
ERP,单窗10年,15/85,,,,,,,,,,,,,,,True
ERP,单窗10年,20/80,,,,,,,,,,,,,,,True
ERP,单窗10年,25/75,,,,,,,,,,,,,,,True
ERP,单窗10年,30/70,,,,,,,,,,,,,,,True
PE,单窗10年,15/85,,,,,,,,,,,,,,,True
PE,单窗10年,20/80,,,,,,,,,,,,,,,True
PE,单窗10年,25/75,,,,,,,,,,,,,,,True
PE,单窗10年,30/70,,,,,,,,,,,,,,,True
PB,单窗10年,15/85,,,,,,,,,,,,,,,True
PB,单窗10年,20/80,,,,,,,,,,,,,,,True
PB,单窗10年,25/75,,,,,,,,,,,,,,,True
PB,单窗10年,30/70,,,,,,,,,,,,,,,True
DY,单窗10年,15/85,,,,,,,,,,,,,,,True
DY,单窗10年,20/80,,,,,,,,,,,,,,,True
DY,单窗10年,25/75,,,,,,,,,,,,,,,True
DY,单窗10年,30/70,,,,,,,,,,,,,,,True
综合,单窗10年,15/85,,,,,,,,,,,,,,,True
综合,单窗10年,20/80,,,,,,,,,,,,,,,True
综合,单窗10年,25/75,,,,,,,,,,,,,,,True
综合,单窗10年,30/70,,,,,,,,,,,,,,,True
ERP,扩展窗口,15/85,0.07617597621215166,0.11515039686787928,0.6949550047214198,-0.20609268779062495,0.36961998520559286,5.591893773324065,0.5579255319148937,420,2019-01-02,2026-09-30,7.743351672122447,0.20882622772466308,-8.442380749817957e-06,-0.25087681526307715,
ERP,扩展窗口,20/80,0.07573929770373611,0.11816315838433851,0.676799095449738,-0.21438715797803887,0.35328281049135696,5.8889227728308855,0.5677659574468086,430,2019-01-02,2026-09-30,7.743351672122447,0.19067031845298132,-0.0004451208891653735,-0.2548667068061975,
ERP,扩展窗口,25/75,0.07971442296608489,0.12199543945852181,0.6894908060541798,-0.204081653884709,0.39060063189765026,6.108465946379406,0.5768617021276595,432,2019-01-02,2026-09-30,7.743351672122447,0.20336202905742307,0.003530004373183404,-0.25854138301529517,
ERP,扩展窗口,30/70,0.0775624307029017,0.12509467232615115,0.6595036895752145,-0.22212593214962328,0.3491822406879351,6.6379524237611305,0.5787234042553191,450,2019-01-02,2026-09-30,7.743351672122447,0.17337491257845783,0.0013780121100002152,-0.25929193808341844,
PE,扩展窗口,15/85,0.05248356398902709,0.08051442110818441,0.6754658578236659,-0.15384265560074017,0.34115092322141755,5.152807426227026,0.3446808510638298,387,2019-01-02,2026-09-30,7.743351672122447,0.18933708082690914,-0.02370085460387439,-0.16072717607181608,
PE,扩展窗口,20/80,0.052823184053755634,0.08185962769307385,0.6696186147312404,-0.1604398800387793,0.3292397379067346,5.178636034879792,0.3398936170212766,382,2019-01-02,2026-09-30,7.743351672122447,0.18348983773448369,-0.023361234539145848,-0.15862209634949676,
PE,扩展窗口,25/75,0.05475439222922085,0.0831405061798032,0.6826155900261973,-0.171128274768097,0.3199611069732386,5.630636686303215,0.33537234042553193,405,2019-01-02,2026-09-30,7.743351672122447,0.1964868130294406,-0.021430026363680632,-0.15663067794859953,
PE,扩展窗口,30/70,0.06099647720874457,0.08501373622749785,0.7388074723032699,-0.18102071186852198,0.3369585534115412,6.702523945393048,0.32909574468085107,465,2019-01-02,2026-09-30,7.743351672122447,0.2526786953065132,-0.015187941384156911,-0.153860825679768,
PB,扩展窗口,15/85,0.10116618933754018,0.13452420440910998,0.7834528806562433,-0.23265281283170103,0.4348375938644804,5.785608338219817,0.6715957446808511,427,2019-01-02,2026-09-30,7.743351672122447,0.2973241036594866,0.0249817707446387,-0.29605820457122844,
PB,扩展窗口,20/80,0.10427416550113122,0.1379373487672104,0.7879132556703371,-0.23629269211579274,0.4412923843198366,5.837265555525351,0.6783510638297874,415,2019-01-02,2026-09-30,7.743351672122447,0.3017844786735804,0.02808974690822974,-0.2986809786058715,
PB,扩展窗口,25/75,0.10740632552030793,0.1412294047435741,0.7928508992056007,-0.23917075738373794,0.449078000568354,5.772694033893434,0.6848404255319149,398,2019-01-02,2026-09-30,7.743351672122447,0.306722122208844,0.03122190692740645,-0.3011939383203216,
PB,扩展窗口,30/70,0.11117383975774797,0.1439985186921125,0.8039614203829422,-0.2507240399101661,0.4434111694976729,5.837265555525351,0.690372340425532,376,2019-01-02,2026-09-30,7.743351672122447,0.31783264338618544,0.03498942116484649,-0.30333106483104255,
DY,扩展窗口,15/85,0.07834420020734845,0.12317457709338793,0.6737532028182822,-0.2171913742761893,0.36071506278017657,5.281950469490861,0.6001063829787234,356,2019-01-02,2026-09-30,7.743351672122447,0.1876244258215255,0.002159781614446965,-0.2678743415202297,
DY,扩展窗口,20/80,0.07174643485265308,0.12634382381123724,0.6114133765038309,-0.22467251602768057,0.31933783500165025,5.3723505997755465,0.6103191489361702,355,2019-01-02,2026-09-30,7.743351672122447,0.12528459950707416,-0.004437983740248397,-0.27194858767881,
DY,扩展窗口,25/75,0.0741483120262465,0.12889279696911868,0.6192422391283255,-0.23437923774121106,0.316360411190163,5.075321600268725,0.6185638297872341,307,2019-01-02,2026-09-30,7.743351672122447,0.13311346213156883,-0.0020361065666549827,-0.27522600546589104,
DY,扩展窗口,30/70,0.07605052986058802,0.13147466968284968,0.6230814776474621,-0.2395476130648535,0.3174756320364529,5.75977972956705,0.6270744680851065,333,2019-01-02,2026-09-30,7.743351672122447,0.13695270065070542,-0.00013388873231345855,-0.2785982040465722,
综合,扩展窗口,15/85,0.07761712216644345,0.11333046379634541,0.7160667744396287,-0.2037968284297319,0.3808553978218824,5.2432075565117096,0.5473404255319149,394,2019-01-02,2026-09-30,7.743351672122447,0.22993799744287202,0.0014327035735419713,-0.2465683053552753,
综合,扩展窗口,20/80,0.0805595011307263,0.11658685009866195,0.7226703305637822,-0.20820627582802143,0.38692157962264556,5.7210368165879,0.5592021276595744,421,2019-01-02,2026-09-30,7.743351672122447,0.23654155356702544,0.004375082537824815,-0.25139526600240547,
综合,扩展窗口,25/75,0.08507906123023301,0.11998006475842889,0.740344281887365,-0.2118706096289219,0.40156141231312664,5.850179859851735,0.5654255319148936,421,2019-01-02,2026-09-30,7.743351672122447,0.2542155048906083,0.008894642637331529,-0.2539191132091464,
综合,扩展窗口,30/70,0.08628833424219362,0.12315736615439195,0.7333947299913668,-0.22485837911363926,0.38374524704096125,6.211780380990473,0.5699468085106383,417,2019-01-02,2026-09-30,7.743351672122447,0.24726595299461007,0.010103915649292139,-0.25574893165081236,
