指标,规格,阈值,H1夏普差,H2夏普差
ERP,A_均值,15/85,0.12901542095098884,0.10928780649395886
ERP,A_均值,20/80,0.1339541377846094,0.12999655191103565
ERP,A_均值,25/75,0.11670614422017889,0.08843674049445172
ERP,A_均值,30/70,0.17209566732643344,0.10373507460406373
PE,A_均值,15/85,0.18003148526756196,0.062471936826848484
PE,A_均值,20/80,0.22959869181520187,0.08011520103439884
PE,A_均值,25/75,0.1907683878895161,0.08212824354800963
PE,A_均值,30/70,0.18555170778476937,0.09622678219985437
PB,A_均值,15/85,0.4481625838478689,0.10192662160254917
PB,A_均值,20/80,0.4803605346250479,0.09282995183263987
PB,A_均值,25/75,0.474619311414033,0.12033307262072812
PB,A_均值,30/70,0.4959402894325782,0.06273435170357755
DY,A_均值,15/85,0.26768098737112866,0.12462534048028184
DY,A_均值,20/80,0.20212075997562806,0.10299734978041764
DY,A_均值,25/75,0.2797966521123848,0.08806623488811538
DY,A_均值,30/70,0.23545532903726085,0.10790023602552068
综合,A_均值,15/85,0.2792617690813287,0.13725445479181586
综合,A_均值,20/80,0.3088306771206,0.11396992970849107
综合,A_均值,25/75,0.27440943236233106,0.11405763083179354
综合,A_均值,30/70,0.2966346059281453,0.07868332785997112
ERP,A_中位数,15/85,0.096081982069109,0.1351239637447622
ERP,A_中位数,20/80,0.11720570707716182,0.10264480136064014
ERP,A_中位数,25/75,0.1533125658105451,0.12675247971570525
ERP,A_中位数,30/70,0.15585070671090273,0.0994127464279736
PE,A_中位数,15/85,0.09586431622053193,0.0942219350571466
PE,A_中位数,20/80,0.08623637695360575,0.09810119042179655
PE,A_中位数,25/75,0.1381586925267979,0.06297912127169514
PE,A_中位数,30/70,0.13438034916828523,0.09347276873612542
PB,A_中位数,15/85,0.40860616867597865,0.10056334304843861
PB,A_中位数,20/80,0.49299445238958606,0.1393476074479072
PB,A_中位数,25/75,0.42596845034629527,0.11552957080832948
PB,A_中位数,30/70,0.44669860768389624,0.07814151646953882
DY,A_中位数,15/85,0.1765479464780777,0.13161341164704976
DY,A_中位数,20/80,0.17417170751914468,0.09939032810834003
DY,A_中位数,25/75,0.1984220508265191,0.10703178749665754
DY,A_中位数,30/70,0.17648953441030157,0.14820964024792627
综合,A_中位数,15/85,0.2697929884116316,0.16002340210168442
综合,A_中位数,20/80,0.2117979710247757,0.1304416797559257
综合,A_中位数,25/75,0.2869846025869124,0.11316082187788146
综合,A_中位数,30/70,0.24797962091031156,0.11044049355176522
ERP,B_均值,15/85,0.09786565198246389,0.11446243401542477
ERP,B_均值,20/80,0.10760280176676196,0.08866008967303052
ERP,B_均值,25/75,0.12186176563538942,0.09710272887859539
ERP,B_均值,30/70,0.1173360823617402,0.04842012287793529
PE,B_均值,15/85,0.07493712067592556,0.027753861363707166
PE,B_均值,20/80,0.13161184112711588,0.027803602293393626
PE,B_均值,25/75,0.1617506338357464,0.053962208320801786
PE,B_均值,30/70,0.1585306599740317,0.013574713463985755
PB,B_均值,15/85,0.4365079581145588,0.10792988137049975
PB,B_均值,20/80,0.44321828272971353,0.11977884011945839
PB,B_均值,25/75,0.44567272796675717,0.11268441546035768
PB,B_均值,30/70,0.4863639176085388,0.10686954349920585
DY,B_均值,15/85,0.139273386136316,0.1319842873455891
DY,B_均值,20/80,0.1931276758862973,0.1403909112267553
DY,B_均值,25/75,0.2093551826138199,0.14313932164784826
DY,B_均值,30/70,0.22977312994455967,0.10206034221615057
综合,B_均值,15/85,0.20235218440277225,0.10051973854055851
综合,B_均值,20/80,0.22282944648575653,0.12490136459646706
综合,B_均值,25/75,0.2409679782512021,0.08228050936232845
综合,B_均值,30/70,0.27486704919776317,0.0798179474814611
ERP,B_中位数,15/85,0.1756164177121945,0.09292234923399434
ERP,B_中位数,20/80,0.18988175877899893,0.07735395910977838
ERP,B_中位数,25/75,0.1884892250957807,0.07993047353848937
ERP,B_中位数,30/70,0.184020205488983,0.05502890698293528
PE,B_中位数,15/85,0.15785495849764042,0.006104731783606043
PE,B_中位数,20/80,0.1769726565452765,0.06345844028153347
PE,B_中位数,25/75,0.24868927837705357,0.04930885707943011
PE,B_中位数,30/70,0.22684737431833568,0.05667528194057503
PB,B_中位数,15/85,0.4693079948030625,0.09983454794317093
PB,B_中位数,20/80,0.537020865034629,0.06522169194789751
PB,B_中位数,25/75,0.5156850653957555,0.07283559736135892
PB,B_中位数,30/70,0.5486695712750793,0.053387771947247864
DY,B_中位数,15/85,0.18722665889024404,0.13061881053189484
DY,B_中位数,20/80,0.1771864396953705,0.14349077816901112
DY,B_中位数,25/75,0.2008751376858402,0.11964067509172138
DY,B_中位数,30/70,0.22671008025479433,0.12672102653437411
综合,B_中位数,15/85,0.3099919047268759,0.13281855890490868
综合,B_中位数,20/80,0.3128890203439675,0.08319326254317405
综合,B_中位数,25/75,0.30907193065002336,0.11648251774767782
综合,B_中位数,30/70,0.3325311239566491,0.0492676080122999
ERP,C_均值,15/85,0.08391049537990991,0.1195949464428423
ERP,C_均值,20/80,0.09118261333730593,0.1288035736964258
ERP,C_均值,25/75,0.10530800794770834,0.10395134864377042
ERP,C_均值,30/70,0.11760515489179302,0.10400043022816696
PE,C_均值,15/85,0.14853729792879333,0.1391431143201507
PE,C_均值,20/80,0.15838875749093728,0.1078412089490679
PE,C_均值,25/75,0.2230261826847495,0.12845293046090134
PE,C_均值,30/70,0.23820508555620556,0.13884102417208288
PB,C_均值,15/85,0.44749234981333463,0.11128588709387743
PB,C_均值,20/80,0.49790253369113846,0.1156629181233706
PB,C_均值,25/75,0.5067183368757033,0.10401542963779653
PB,C_均值,30/70,0.5141262969163083,0.07637070478684627
DY,C_均值,15/85,0.20537873453686273,0.11239071391464195
DY,C_均值,20/80,0.2425642156563238,0.09087605816870825
DY,C_均值,25/75,0.23563309339196103,0.08751651311611075
DY,C_均值,30/70,0.2735617769415404,0.11835979239369743
综合,C_均值,15/85,0.24310246794677748,0.14551604129258755
综合,C_均值,20/80,0.2943296272041047,0.12477965128954605
综合,C_均值,25/75,0.24679299129479604,0.13646172728591843
综合,C_均值,30/70,0.34408477380583524,0.12794568759143732
ERP,C_中位数,15/85,0.02680985238406336,0.11926763318758937
ERP,C_中位数,20/80,0.04433526128275245,0.1003242601827854
ERP,C_中位数,25/75,0.059041531127633384,0.11969692611403149
ERP,C_中位数,30/70,0.09756291373796355,0.10529245977444546
PE,C_中位数,15/85,0.06134425509287811,0.16794687410135534
PE,C_中位数,20/80,0.0696796332196361,0.14894927700834582
PE,C_中位数,25/75,0.14499429826742294,0.11892800866421394
PE,C_中位数,30/70,0.1551055119273621,0.1494692989203925
PB,C_中位数,15/85,0.4489976934120671,0.0937965395023862
PB,C_中位数,20/80,0.49576447938059,0.11310617632161368
PB,C_中位数,25/75,0.4870071439933161,0.08544674799589069
PB,C_中位数,30/70,0.5037437205582822,0.045929141563692655
DY,C_中位数,15/85,0.21490462715608327,0.10489566995392274
DY,C_中位数,20/80,0.26249679407970494,0.06953999762473984
DY,C_中位数,25/75,0.24355443169380087,0.06542274822812344
DY,C_中位数,30/70,0.23555951272560083,0.09523957009109674
综合,C_中位数,15/85,0.19410824643540447,0.14417256940477363
综合,C_中位数,20/80,0.24872120640908513,0.1280283668228258
综合,C_中位数,25/75,0.26272085207157536,0.09611137654676127
综合,C_中位数,30/70,0.2943139245352301,0.11229873753971309
ERP,单窗3年,15/85,0.12381676557027976,0.12566215297540917
ERP,单窗3年,20/80,0.1467695368726184,0.10274586822447007
ERP,单窗3年,25/75,0.14493336106863652,0.0851146232391713
ERP,单窗3年,30/70,0.1339179369437009,0.08139871559672807
PE,单窗3年,15/85,0.1199063023987158,-0.05895861407419262
PE,单窗3年,20/80,0.1415524209042789,-0.05678103445873084
PE,单窗3年,25/75,0.08742928541394701,-0.13209080538358264
PE,单窗3年,30/70,0.08095048029668372,-0.10724129826249523
PB,单窗3年,15/85,0.44601513193532283,0.033206278338327344
PB,单窗3年,20/80,0.49067189325735416,0.08742436136789211
PB,单窗3年,25/75,0.47434837520931283,0.0974660592175528
PB,单窗3年,30/70,0.45729665969011113,0.13024732186378996
DY,单窗3年,15/85,0.20881450661257617,0.0668922664023135
DY,单窗3年,20/80,0.20147276799023706,0.08834285831118249
DY,单窗3年,25/75,0.206973364491586,0.029090965176890693
DY,单窗3年,30/70,0.211007133091763,0.0199981380213623
综合,单窗3年,15/85,0.2748349127108509,0.09975542604045629
综合,单窗3年,20/80,0.23329445708157026,0.07834544829258372
综合,单窗3年,25/75,0.25457364949239203,0.08240238989029802
综合,单窗3年,30/70,0.20294760556166425,0.07063776641838437
ERP,单窗5年,15/85,0.06144016682120407,0.15326403264622068
ERP,单窗5年,20/80,0.10622908125702024,0.14237736244460986
ERP,单窗5年,25/75,0.15210537039739747,0.1100890979011937
ERP,单窗5年,30/70,0.13682702725334717,0.11319711631584661
PE,单窗5年,15/85,0.13748030360514807,0.17599699489049037
PE,单窗5年,20/80,0.16614682346399423,0.13191569484224164
PE,单窗5年,25/75,0.18440583998834237,0.17751414462385473
PE,单窗5年,30/70,0.1765654233485091,0.15641871625470682
PB,单窗5年,15/85,0.45745699096539283,0.12348182941401997
PB,单窗5年,20/80,0.4757304890348024,0.1513293331727994
PB,单窗5年,25/75,0.44730891250633453,0.15559511900725775
PB,单窗5年,30/70,0.4524657254133204,0.10364650101826223
DY,单窗5年,15/85,0.22663061404379437,0.13225947519027248
DY,单窗5年,20/80,0.2370669815286658,0.1392059951725505
DY,单窗5年,25/75,0.21736706203071554,0.1327601632369585
DY,单窗5年,30/70,0.23924297581187648,0.13507965543828648
综合,单窗5年,15/85,0.2554162416262017,0.19121823435775986
综合,单窗5年,20/80,0.2757805858178646,0.14585703012616846
综合,单窗5年,25/75,0.29761896666229926,0.16228280857834843
综合,单窗5年,30/70,0.2985168821178741,0.12281641008978439
ERP,扩展窗口,15/85,0.17583299468207525,0.20199416205521503
ERP,扩展窗口,20/80,0.1918200518074047,0.1595089737238038
ERP,扩展窗口,25/75,0.19878051485510173,0.1789733115857749
ERP,扩展窗口,30/70,0.16788959035057738,0.14985887138447418
PE,扩展窗口,15/85,0.18262096387988158,0.14095359263399854
PE,扩展窗口,20/80,0.13942778070516826,0.1614776629250282
PE,扩展窗口,25/75,0.17618518044224152,0.1547140413746364
PE,扩展窗口,30/70,0.2584362203554732,0.19130064325868557
PB,扩展窗口,15/85,0.4714469391548599,0.12650508820063255
PB,扩展窗口,20/80,0.5231587250176474,0.0922710101576304
PB,扩展窗口,25/75,0.5212454622214283,0.10090046628921434
PB,扩展窗口,30/70,0.5824403911592217,0.06887345373769738
DY,扩展窗口,15/85,0.30616300215900727,0.11694561953117155
DY,扩展窗口,20/80,0.19017698705077601,0.08165846070741334
DY,扩展窗口,25/75,0.18312712788816465,0.09944923135810568
DY,扩展窗口,30/70,0.20909725142548818,0.090763546815947
综合,扩展窗口,15/85,0.30102629291605465,0.1469782608324739
综合,扩展窗口,20/80,0.31363510290026586,0.15205109949459084
综合,扩展窗口,25/75,0.3665815482660406,0.14918826505672267
综合,扩展窗口,30/70,0.35556745403862133,0.14326554291816873
