指标,规格,类别,主区间夏普差,主动IR(年化),主动PSR(未校正),跑赢阈值数,起点跑赢比例,H1夏普差,H2夏普差,子区间跑赢比例,未通过
ERP,A_均值,稳健有效（样本内）,0.14549739637944337,-0.06726679480595898,0.4258894264590437,4,1.0,0.1339541377846094,0.12999655191103565,0.6666666666666666,
ERP,A_中位数,稳健有效（样本内）,0.12236952906498932,-0.07655443399056538,0.4158177044229711,4,1.0,0.11720570707716182,0.10264480136064014,0.6666666666666666,
ERP,B_均值,稳健有效（样本内）,0.11100499222167404,-0.11463680188771223,0.37523648028145395,4,0.9,0.10760280176676196,0.08866008967303052,0.6666666666666666,
ERP,B_中位数,稳健有效（样本内）,0.14602861128916234,-0.048237020009419096,0.44668617095570196,4,1.0,0.18988175877899893,0.07735395910977838,0.6666666666666666,
ERP,C_均值,稳健有效（样本内）,0.125771925661748,-0.09269720310223967,0.3984725335536253,4,1.0,0.09118261333730593,0.1288035736964258,0.5,
ERP,C_中位数,稳健有效（样本内）,0.08818393353262832,-0.14053066712451084,0.3484246776381681,4,1.0,0.04433526128275245,0.1003242601827854,0.5,
ERP,单窗3年,稳健有效（样本内）,0.1343015193557776,-0.07801846117878336,0.41424328831082174,4,0.75,0.1467695368726184,0.10274586822447007,0.75,
ERP,单窗5年,稳健有效（样本内）,0.1355194819000567,-0.05987361282654813,0.4339567706700965,4,1.0,0.10622908125702024,0.14237736244460986,0.6666666666666666,
ERP,单窗10年,无法评估（主区间信号不足）,,,,,,,,,
ERP,扩展窗口,稳健有效（样本内）,0.19067031845298132,-0.10163340696056286,0.3889771270833253,4,1.0,0.1918200518074047,0.1595089737238038,0.75,
PE,A_均值,可能过拟合,0.1739639804762343,-0.14649731284060874,0.3422494223567317,4,0.7,0.22959869181520187,0.08011520103439884,0.6666666666666666,起点≥75%跑赢
PE,A_中位数,可能过拟合,0.10364616916015046,-0.19188630616522712,0.2974735845049239,4,0.6,0.08623637695360575,0.09810119042179655,0.6666666666666666,起点≥75%跑赢
PE,B_均值,可能过拟合,0.09661611991999375,-0.20879574266257708,0.28145788214361034,4,0.2,0.13161184112711588,0.027803602293393626,0.6666666666666666,起点≥75%跑赢
PE,B_中位数,可能过拟合,0.1374763944487144,-0.16878138622491867,0.3199223234900425,4,0.65,0.1769726565452765,0.06345844028153347,0.6666666666666666,起点≥75%跑赢
PE,C_均值,稳健有效（样本内）,0.15199286753442476,-0.18157288166528884,0.30743405133891455,4,0.8,0.15838875749093728,0.1078412089490679,0.5,
PE,C_中位数,稳健有效（样本内）,0.12353362470274709,-0.19560472006085003,0.29396132844072165,4,0.85,0.0696796332196361,0.14894927700834582,0.5,
PE,单窗3年,可能过拟合,0.0619818064805705,-0.2111106633203287,0.27926640720444673,3,0.05,0.1415524209042789,-0.05678103445873084,0.75,起点≥75%跑赢、前后半段均跑赢
PE,单窗5年,稳健有效（样本内）,0.16026603002556494,-0.13511173508266372,0.3538987161327455,4,0.85,0.16614682346399423,0.13191569484224164,0.6666666666666666,
PE,单窗10年,无法评估（主区间信号不足）,,,,,,,,,
PE,扩展窗口,稳健有效（样本内）,0.18348983773448369,-0.26130015568893256,0.23468709288307282,4,0.95,0.13942778070516826,0.1614776629250282,0.75,
PB,A_均值,稳健有效（样本内）,0.2955372518075926,0.1038481768957223,0.6139544886250475,4,1.0,0.4803605346250479,0.09282995183263987,1.0,
PB,A_中位数,稳健有效（样本内）,0.3235570590705823,0.15530661393387565,0.6677700832761214,4,1.0,0.49299445238958606,0.1393476074479072,1.0,
PB,B_均值,稳健有效（样本内）,0.294457298160937,0.06861564774426102,0.5758465670583065,4,1.0,0.44321828272971353,0.11977884011945839,0.6666666666666666,
PB,B_中位数,稳健有效（样本内）,0.30834028459074714,0.10840078343988523,0.618849860880182,4,1.0,0.537020865034629,0.06522169194789751,1.0,
PB,C_均值,稳健有效（样本内）,0.3095320595226111,0.15881767499698457,0.6713731250769273,4,1.0,0.49790253369113846,0.1156629181233706,1.0,
PB,C_中位数,稳健有效（样本内）,0.30663028814457916,0.1593998021628305,0.6719700017246771,4,1.0,0.49576447938059,0.11310617632161368,1.0,
PB,单窗3年,稳健有效（样本内）,0.30892721996721717,0.06532372882008697,0.5722204359199703,4,0.9,0.49067189325735416,0.08742436136789211,1.0,
PB,单窗5年,稳健有效（样本内）,0.3244065282694426,0.15328993172575603,0.6657116473410578,4,1.0,0.4757304890348024,0.1513293331727994,1.0,
PB,单窗10年,无法评估（主区间信号不足）,,,,,,,,,
PB,扩展窗口,稳健有效（样本内）,0.3017844786735804,0.20024471369037977,0.7124467659070148,4,1.0,0.5231587250176474,0.0922710101576304,1.0,
DY,A_均值,稳健有效（样本内）,0.15843335669904857,-0.08092855761282924,0.4110646016735285,4,1.0,0.20212075997562806,0.10299734978041764,0.6666666666666666,
DY,A_中位数,稳健有效（样本内）,0.1446795770427165,-0.07746137889493422,0.4147958178627058,4,1.0,0.17417170751914468,0.09939032810834003,0.6666666666666666,
DY,B_均值,稳健有效（样本内）,0.17808613489010905,-0.06813464553261689,0.424956848801002,4,1.0,0.1931276758862973,0.1403909112267553,0.6666666666666666,
DY,B_中位数,稳健有效（样本内）,0.1715814339679731,-0.07456041558412878,0.4179674081468125,4,1.0,0.1771864396953705,0.14349077816901112,0.6666666666666666,
DY,C_均值,稳健有效（样本内）,0.16032271217250937,-0.06696411077897804,0.4262294925930108,4,1.0,0.2425642156563238,0.09087605816870825,0.5,
DY,C_中位数,稳健有效（样本内）,0.15470207454210227,-0.06653346789750748,0.42669915218121757,4,1.0,0.26249679407970494,0.06953999762473984,0.5,
DY,单窗3年,稳健有效（样本内）,0.15749818465460885,-0.0865508938652654,0.4049801977214029,4,1.0,0.20147276799023706,0.08834285831118249,0.75,
DY,单窗5年,稳健有效（样本内）,0.19634638325268128,-0.011650813728455936,0.4870747978703264,4,1.0,0.2370669815286658,0.1392059951725505,0.6666666666666666,
DY,单窗10年,无法评估（主区间信号不足）,,,,,,,,,
DY,扩展窗口,稳健有效（样本内）,0.12528459950707416,-0.1264355880391557,0.3628828810899683,4,1.0,0.19017698705077601,0.08165846070741334,0.75,
综合,A_均值,稳健有效（样本内）,0.22374684985879945,-0.01844603791307198,0.47954548538104785,4,1.0,0.3088306771206,0.11396992970849107,0.6666666666666666,
综合,A_中位数,稳健有效（样本内）,0.18488502641474513,-0.04024017566243781,0.45546801413562865,4,1.0,0.2117979710247757,0.1304416797559257,0.6666666666666666,
综合,B_均值,稳健有效（样本内）,0.18900641624291903,-0.06829492694150588,0.424772660327999,4,1.0,0.22282944648575653,0.12490136459646706,0.6666666666666666,
综合,B_中位数,稳健有效（样本内）,0.21009125835713827,-0.03089720057166282,0.46577603742517526,4,1.0,0.3128890203439675,0.08319326254317405,0.6666666666666666,
综合,C_均值,稳健有效（样本内）,0.21876241306474098,-0.022783904433543917,0.4747437084007755,4,1.0,0.2943296272041047,0.12477965128954605,0.5,
综合,C_中位数,稳健有效（样本内）,0.19987038098626164,-0.03283269064694387,0.4636394088322423,4,1.0,0.24872120640908513,0.1280283668228258,0.5,
综合,单窗3年,稳健有效（样本内）,0.17145186451853867,-0.07948737451415702,0.4126310694350186,4,0.85,0.23329445708157026,0.07834544829258372,0.75,
综合,单窗5年,稳健有效（样本内）,0.2244234509655222,0.0026348358121429305,0.5029243880975984,4,1.0,0.2757805858178646,0.14585703012616846,0.6666666666666666,
综合,单窗10年,无法评估（主区间信号不足）,,,,,,,,,
综合,扩展窗口,稳健有效（样本内）,0.23654155356702544,-0.061497362949432935,0.43218245196073424,4,1.0,0.31363510290026586,0.15205109949459084,0.75,
