指标,规格,阈值,年化收益,年化波动,夏普,最大回撤,卡玛,年换手率,平均仓位,交易次数,起始日,结束日,年数,夏普差,超额年化,同仓位静态MDD,基准夏普,基准年化,基准MDD
ERP,A_均值,20/80,0.04484641074768936,0.12828815288779163,0.40595287477836905,-0.2660176339708531,0.1685843531433073,5.21711979793935,0.5568561872909699,479,2016-11-28,2026-09-30,9.852179361551539,0.07167751973592507,-0.00045649114674550795,-0.2504423397574904,0.334275355042444,0.045302901894434866,-0.41561007195195365
ERP,A_中位数,20/80,0.04396286870157584,0.1315490291808193,0.3926987894188842,-0.2722656562767357,0.16147048916405082,5.2780200290437005,0.5751254180602006,484,2016-11-28,2026-09-30,9.852179361551539,0.05842343437644021,-0.0013400331928590248,-0.2578409097051375,0.334275355042444,0.045302901894434866,-0.41561007195195365
ERP,B_均值,20/80,0.040051131591403166,0.12513720149643054,0.37621889851437035,-0.26873654730964613,0.1490349265567332,5.679165533143615,0.531453444360333,567,2015-11-19,2026-09-30,10.881880381780588,0.08920338081487844,0.003229377186255933,-0.24006926774491189,0.2870155176994919,0.03682175440514723,-0.415610071951952
ERP,B_中位数,20/80,0.04454214059584438,0.12821184875801522,0.4038294704683274,-0.25945872712448403,0.17167331810147127,5.642407180178284,0.543981831945496,564,2015-11-19,2026-09-30,10.881880381780588,0.1168139527688355,0.007720386190697148,-0.24519762443623938,0.2870155176994919,0.03682175440514723,-0.415610071951952
ERP,C_均值,20/80,0.06516288510736135,0.13435247698363337,0.5368939697823883,-0.25944493362641896,0.25116268102267497,5.38960607616936,0.6612050739957717,396,2018-12-13,2026-09-30,7.792777321093442,0.1084760493663321,0.000583391960828461,-0.2920103939120692,0.42841792041605625,0.06457949314653288,-0.41561007195195265
ERP,C_中位数,20/80,0.060385074701359676,0.1355389312395872,0.500217678413876,-0.27838800035718037,0.2169097612823964,5.492265239524967,0.670031712473573,405,2018-12-13,2026-09-30,7.792777321093442,0.07179975799781974,-0.004194418445173209,-0.29544997116569927,0.42841792041605625,0.06457949314653288,-0.41561007195195265
ERP,单窗3年,20/80,0.04858811318158662,0.12087488946704278,0.4528299025088204,-0.26578404916965026,0.18281049345656095,4.760073250259952,0.46905255878284924,507,2014-11-11,2026-09-30,11.911581402009636,0.03109039461699714,-0.02067521508611736,-0.2387085441113671,0.42173950789182324,0.06926332826770398,-0.4605885528983086
ERP,单窗5年,20/80,0.0480440167834606,0.12851883425152522,0.4292513884861814,-0.2842249504992841,0.16903518392408554,5.1257694512828245,0.5613712374581941,469,2016-11-28,2026-09-30,9.852179361551539,0.0949760334437374,0.002741114889025731,-0.25227560776945135,0.334275355042444,0.045302901894434866,-0.41561007195195365
ERP,单窗10年,20/80,0.03980885379705512,0.14568222917699514,0.340431358111277,-0.2175900370134507,0.18295347683862137,4.953574314473764,0.7994746059544658,221,2022-01-14,2026-09-30,4.703674260406295,0.20072148686838667,0.030708518651688888,-0.25197854430573186,0.13970987124289033,0.009100335145366234,-0.3086337919616794
ERP,扩展窗口,20/80,0.05897194268680761,0.10360927617128653,0.6047034341004326,-0.2143871579780412,0.27507217896348,5.305760659901745,0.4199170124481328,587,2014-11-11,2026-09-30,11.911581402009636,0.18296392620860935,-0.010291385580896373,-0.2155653893681304,0.42173950789182324,0.06926332826770398,-0.4605885528983086
PE,A_均值,20/80,0.03552036104701295,0.11302416073737026,0.3652022283723961,-0.20597298086872007,0.17245155601089435,5.0039689890741235,0.44581939799331105,458,2016-11-28,2026-09-30,9.852179361551539,0.030926873329952087,-0.009782540847421917,-0.20436490697610354,0.334275355042444,0.045302901894434866,-0.41561007195195365
PE,A_中位数,20/80,0.03103854624287905,0.11663877056544734,0.32026026121206264,-0.22331328170019116,0.1389910443595997,5.328770221630659,0.46283444816053515,486,2016-11-28,2026-09-30,9.852179361551539,-0.014015093830381353,-0.014264355651555816,-0.2115497708769516,0.334275355042444,0.045302901894434866,-0.41561007195195365
PE,B_均值,20/80,0.029620589450678914,0.1100649492750035,0.3201227718886246,-0.22394508141207026,0.132267202583367,5.6607863566609495,0.4302043906131718,567,2015-11-19,2026-09-30,10.881880381780588,0.033107254189132684,-0.00720116495446832,-0.19773161761375513,0.2870155176994919,0.03682175440514723,-0.415610071951952
PE,B_中位数,20/80,0.03345482579452885,0.11110762738472969,0.3515913191756243,-0.21300646266719847,0.15706014444640917,5.706734297867613,0.43444360333081006,572,2015-11-19,2026-09-30,10.881880381780588,0.0645758014761324,-0.0033669286106183804,-0.19953619587804738,0.2870155176994919,0.03682175440514723,-0.415610071951952
PE,C_均值,20/80,0.054311378638667085,0.10769677383582284,0.5447632176071437,-0.2032373228000216,0.26723132292048335,5.748913147913983,0.47367864693446093,412,2018-12-13,2026-09-30,7.792777321093442,0.1163452971910875,-0.0102681145078658,-0.21610542964226587,0.42841792041605625,0.06457949314653288,-0.41561007195195265
PE,C_中位数,20/80,0.05231851284193145,0.10998367341929938,0.5185075668543729,-0.21667269725948057,0.2414633384993422,6.056890637980804,0.4813424947145878,432,2018-12-13,2026-09-30,7.792777321093442,0.09008964643831668,-0.012260980304601432,-0.21931400882207386,0.42841792041605625,0.06457949314653288,-0.41561007195195265
PE,单窗3年,20/80,0.03372425453142225,0.11009975482239788,0.35619995190515225,-0.2333390681444495,0.14452896722183323,4.449451186310007,0.39913554633471654,469,2014-11-11,2026-09-30,11.911581402009636,-0.065539555986671,-0.035539073736281734,-0.20564425007112674,0.42173950789182324,0.06926332826770398,-0.4605885528983086
PE,单窗5年,20/80,0.0393948763939711,0.11330193547886207,0.3975524669899439,-0.217310166485301,0.1812840928297563,5.420120568287185,0.4537625418060201,488,2016-11-28,2026-09-30,9.852179361551539,0.06327711194749991,-0.005908025500463765,-0.2077246204263975,0.334275355042444,0.045302901894434866,-0.41561007195195365
PE,单窗10年,20/80,0.029721469167627523,0.10599384660824904,0.3289310216843952,-0.18819766167586327,0.15792687806513464,5.37877382644576,0.5047285464098075,237,2022-01-14,2026-09-30,4.703674260406295,0.18922115044150487,0.02062113402226129,-0.16379687015686495,0.13970987124289033,0.009100335145366234,-0.3086337919616794
PE,扩展窗口,20/80,0.039647326910733804,0.0759664372793502,0.5496905234844618,-0.1604398800387793,0.2471164083465458,4.399080040804612,0.26452282157676354,492,2014-11-11,2026-09-30,11.911581402009636,0.12795101559263855,-0.02961600135697018,-0.13947530412401798,0.42173950789182324,0.06926332826770398,-0.4605885528983086
PB,A_均值,20/80,0.060290215889494236,0.12868541207738285,0.519038498778627,-0.2383597710856019,0.25293788299470327,6.049422956365472,0.5699414715719064,530,2016-11-28,2026-09-30,9.852179361551539,0.18476314373618297,0.01498731399505937,-0.2557467735812651,0.334275355042444,0.045302901894434866,-0.41561007195195365
PB,A_中位数,20/80,0.06432879815130987,0.13009014165023947,0.5440660915202874,-0.23575439804375276,0.27286361860096175,5.988522725261122,0.5801421404682274,527,2016-11-28,2026-09-30,9.852179361551539,0.2097907364778434,0.019025896256875008,-0.2598635506606152,0.334275355042444,0.045302901894434866,-0.41561007195195365
PB,B_均值,20/80,0.05558314332934966,0.1256411738829444,0.493145670735716,-0.24275044540467738,0.22897236392991874,6.469470121898229,0.547993943981832,629,2015-11-19,2026-09-30,10.881880381780588,0.20613015303622412,0.018761388924202427,-0.24683481132530138,0.2870155176994919,0.03682175440514723,-0.415610071951952
PB,B_中位数,20/80,0.058551565395701166,0.12762129498957223,0.5094868566795314,-0.2370407757505537,0.2470105204908586,6.533797239587557,0.5588947766843301,637,2015-11-19,2026-09-30,10.881880381780588,0.2224713389800395,0.021729810990553933,-0.25127046768389816,0.2870155176994919,0.03682175440514723,-0.415610071951952
PB,C_均值,20/80,0.0903283936741941,0.1338326394370965,0.7128725497775058,-0.23666660894769442,0.38166936212855246,6.018393451722451,0.6406976744186047,424,2018-12-13,2026-09-30,7.792777321093442,0.28445462936144955,0.02574890052766121,-0.28397305675500517,0.42841792041605625,0.06457949314653288,-0.41561007195195265
PB,C_中位数,20/80,0.09022574728944455,0.13427404380714583,0.7102663661094457,-0.2369038554531212,0.38085385785246756,6.275041360111468,0.6427589852008456,444,2018-12-13,2026-09-30,7.792777321093442,0.28184844569338946,0.025646254142911662,-0.2847838426600384,0.42841792041605625,0.06457949314653288,-0.41561007195195265
PB,单窗3年,20/80,0.0690252188156979,0.11771592130898272,0.6257033926040834,-0.24314689461211014,0.2838827899727576,5.63317310568682,0.47724757952973723,583,2014-11-11,2026-09-30,11.911581402009636,0.20396388471226012,-0.00023810945200608558,-0.24252540793305166,0.42173950789182324,0.06926332826770398,-0.4605885528983086
PB,单窗5年,20/80,0.06558099407214835,0.12798525604886443,0.5600728782578666,-0.23361587386810545,0.2807214808920646,6.008822802295906,0.561789297658863,531,2016-11-28,2026-09-30,9.852179361551539,0.22579752321542257,0.02027809217771348,-0.25244519572559276,0.334275355042444,0.045302901894434866,-0.41561007195195365
PB,单窗10年,20/80,0.04015887585376032,0.14861832542189962,0.33891262956193324,-0.22878097677552978,0.17553415681568016,5.208694021656962,0.807968476357268,231,2022-01-14,2026-09-30,4.703674260406295,0.1992027583190429,0.03105854070839409,-0.2544338492782935,0.13970987124289033,0.009100335145366234,-0.3086337919616794
PB,扩展窗口,20/80,0.08297139987901891,0.13032495693347457,0.6766881969239285,-0.2362926921157925,0.3511382393424158,5.708729823944916,0.5866874135546335,627,2014-11-11,2026-09-30,11.911581402009636,0.2549486890321052,0.013708071611314931,-0.2923158099191059,0.42173950789182324,0.06926332826770398,-0.4605885528983086
DY,A_均值,20/80,0.03977363724336924,0.12719937790806876,0.37004729650297685,-0.23927426700983867,0.1662261376470283,6.018972840813297,0.5541806020066891,479,2016-11-28,2026-09-30,9.852179361551539,0.03577194146053286,-0.005529264651065624,-0.24935447435784952,0.334275355042444,0.045302901894434866,-0.41561007195195365
DY,A_中位数,20/80,0.0400675589440167,0.13017983303062175,0.36672507758373113,-0.24052673803482194,0.16658255656473409,5.836272147500246,0.569314381270903,458,2016-11-28,2026-09-30,9.852179361551539,0.03244972254128714,-0.005235342950418165,-0.2554931698427104,0.334275355042444,0.045302901894434866,-0.41561007195195365
DY,B_均值,20/80,0.04404163291473284,0.12198179293908089,0.4141330362667961,-0.24177786042303961,0.1821574268118389,6.864622416275535,0.5211582134746404,598,2015-11-19,2026-09-30,10.881880381780588,0.1271175185673042,0.007219878509585609,-0.23583686384829872,0.2870155176994919,0.03682175440514723,-0.415610071951952
DY,B_中位数,20/80,0.043089586501731336,0.12227224727138243,0.40600609811500554,-0.23909079368263653,0.1802226921331293,6.634882710242217,0.5244890234670704,581,2015-11-19,2026-09-30,10.881880381780588,0.11899058041551364,0.006267832096584103,-0.23720796517762288,0.2870155176994919,0.03682175440514723,-0.415610071951952
DY,C_均值,20/80,0.06767459983218194,0.12996296516969952,0.5686611941328563,-0.23903314364958816,0.28311805969213144,5.54359482120277,0.6334038054968288,345,2018-12-13,2026-09-30,7.792777321093442,0.14024327371680007,0.0030951066856490517,-0.2810988962864063,0.42841792041605625,0.06457949314653288,-0.41561007195195265
DY,C_中位数,20/80,0.06763101495687307,0.13130391930640303,0.5638766423412708,-0.23821700572260585,0.2839050669439892,5.99272866088355,0.6415433403805496,377,2018-12-13,2026-09-30,7.792777321093442,0.13545872192521452,0.0030515218103401853,-0.28430576557892184,0.42841792041605625,0.06457949314653288,-0.41561007195195265
DY,单窗3年,20/80,0.050574067446153004,0.11658195107606165,0.48130100017591737,-0.2413759610424967,0.20952404385144602,6.27120761542184,0.4617219917012449,601,2014-11-11,2026-09-30,11.911581402009636,0.05956149228409413,-0.01868926082155098,-0.23528386963826675,0.42173950789182324,0.06926332826770398,-0.4605885528983086
DY,单窗5年,20/80,0.0473562894372499,0.12713899354875965,0.42734183735705256,-0.23840252655274807,0.19864004850121428,5.947922571191555,0.5476588628762542,464,2016-11-28,2026-09-30,9.852179361551539,0.09306648231460857,0.0020533875428150328,-0.24669817290168838,0.334275355042444,0.045302901894434866,-0.41561007195195365
DY,单窗10年,20/80,0.04426808406194782,0.1529519332328981,0.3594190220582112,-0.2233139804226485,0.19823247957053636,3.8905755345437707,0.8463222416812609,155,2022-01-14,2026-09-30,4.703674260406295,0.21970915081532086,0.03516774891658159,-0.26545987698461126,0.13970987124289033,0.009100335145366234,-0.3086337919616794
DY,扩展窗口,20/80,0.05177638692854103,0.11424193159448769,0.49885921251613213,-0.22467251602768135,0.23045269552312214,5.448478905500369,0.4789073305670816,559,2014-11-11,2026-09-30,11.911581402009636,0.0771197046243089,-0.017486941339162954,-0.24329694385858203,0.42173950789182324,0.06926332826770398,-0.4605885528983086
综合,A_均值,20/80,0.046982984281050966,0.12435085939471677,0.43122946672161644,-0.23846897948704626,0.19701927010428247,5.815972070465462,0.532608695652174,532,2016-11-28,2026-09-30,9.852179361551539,0.09695411167917245,0.0016800823866160997,-0.24054317249322632,0.334275355042444,0.045302901894434866,-0.41561007195195365
综合,A_中位数,20/80,0.044752001094668925,0.12749385415287626,0.4069520273906725,-0.23704115977689155,0.1887942209563542,5.4302706068045765,0.5494565217391305,494,2016-11-28,2026-09-30,9.852179361551539,0.0726766723482285,-0.000550900799765941,-0.24743101413739133,0.334275355042444,0.045302901894434866,-0.41561007195195365
综合,B_均值,20/80,0.0433443901267232,0.12033228553899429,0.4126029833333607,-0.23851980472336787,0.18172239482165203,6.009990709831593,0.5092732778198334,610,2015-11-19,2026-09-30,10.881880381780588,0.1255874656338688,0.0065226357215759645,-0.23093053043343226,0.2870155176994919,0.03682175440514723,-0.415610071951952
综合,B_中位数,20/80,0.046423677408005126,0.1222461125651215,0.4321720175186482,-0.23557520191289616,0.19706521327813725,5.771061415556942,0.517335352006056,578,2015-11-19,2026-09-30,10.881880381780588,0.1451564998191563,0.009601923002857893,-0.2342610975250835,0.2870155176994919,0.03682175440514723,-0.415610071951952
综合,C_均值,20/80,0.07245942313794185,0.12585257379748369,0.6185539771991668,-0.2296045137622449,0.31558361789426087,5.710415961655631,0.608615221987315,413,2018-12-13,2026-09-30,7.792777321093442,0.19013605678311057,0.007879929991408963,-0.2712699426830498,0.42841792041605625,0.06457949314653288,-0.41561007195195265
综合,C_中位数,20/80,0.07113643445782891,0.12785950810312166,0.601174972073746,-0.2398889826758911,0.29653898092493824,6.018393451722452,0.616014799154334,437,2018-12-13,2026-09-30,7.792777321093442,0.1727570516576898,0.006556941311296027,-0.2742138316694903,0.42841792041605625,0.06457949314653288,-0.41561007195195265
综合,单窗3年,20/80,0.049549614842154144,0.11597111571368586,0.47485911109572476,-0.23599063685599364,0.20996432528969505,5.053904932374763,0.45273167358229605,548,2014-11-11,2026-09-30,11.911581402009636,0.05311960320390152,-0.01971371342554984,-0.2310703506427897,0.42173950789182324,0.06926332826770398,-0.4605885528983086
综合,单窗5年,20/80,0.05112812807006084,0.12374355630205783,0.46467133283125006,-0.2376076075348439,0.21517883455210152,5.582521184565452,0.5308528428093646,511,2016-11-28,2026-09-30,9.852179361551539,0.13039597778880607,0.005825226175625975,-0.23982280871430428,0.334275355042444,0.045302901894434866,-0.41561007195195365
综合,单窗10年,20/80,0.04330950833991709,0.13928737068242386,0.37367154763632177,-0.2080981839768704,0.20812054921503223,5.314993899649959,0.7564798598949213,235,2022-01-14,2026-09-30,4.703674260406295,0.23396167639343143,0.03420917319455086,-0.23947548108592398,0.13970987124289033,0.009100335145366234,-0.3086337919616794
综合,扩展窗口,20/80,0.061027966648970144,0.10560999608127364,0.6135659533553031,-0.20820627582802198,0.29311300250804706,5.364526996324707,0.43703319502074695,608,2014-11-11,2026-09-30,11.911581402009636,0.19182644546347982,-0.008235361618733839,-0.22367739765129946,0.42173950789182324,0.06926332826770398,-0.4605885528983086
