回看,波动窗口,带宽,频率,年化收益,夏普,最大回撤,卡玛,年换手,静态夏普,静态卡玛
短(0.5-6月),"快(10,42)",0.0,日,0.05063873994653423,0.45113076819411685,-0.36788321063802754,0.13764895619647988,16.210169568440165,0.27449550457297617,0.058296424835540005
短(0.5-6月),"快(10,42)",0.0,周,0.05165878316233119,0.45332779877363233,-0.34247737126494315,0.1508385297735994,7.332348292468443,0.27449550457297744,0.05830037142676682
短(0.5-6月),"快(10,42)",0.0,月,0.035870386443232594,0.3304991108145176,-0.48684161690422434,0.07367978660355431,3.189395348099964,0.2744955045729777,0.05830570023966839
短(0.5-6月),"快(10,42)",0.05,日,0.050921469806119335,0.45378954461386845,-0.3646138388401845,0.1396586316309265,15.662444401081558,0.2744955045729759,0.05829875692076059
短(0.5-6月),"快(10,42)",0.05,周,0.05112736775530391,0.44995710577902703,-0.3374005951384502,0.15153312854805165,7.217801839345942,0.27449550457297495,0.05830220368164312
短(0.5-6月),"快(10,42)",0.05,月,0.035810447902021814,0.32987315314287374,-0.4869011911941089,0.07354766952653759,3.17953092248907,0.2744955045729741,0.05830590143789189
短(0.5-6月),"快(10,42)",0.1,日,0.05282737228628731,0.46695289719402117,-0.36225332916927455,0.1458299152348218,15.242591356528143,0.27449550457297434,0.058297519150277644
短(0.5-6月),"快(10,42)",0.1,周,0.051126223282221606,0.45020086014585275,-0.34194388637471695,0.1495164128367988,7.0322192323503625,0.2744955045729765,0.05830222062179619
短(0.5-6月),"快(10,42)",0.1,月,0.035627874901572376,0.3280615140948726,-0.4926066113758534,0.0723252065214137,3.1068658141091023,0.27449550457297484,0.05830281140307747
短(0.5-6月),"快(10,42)",0.2,日,0.05068847925539832,0.4503545493573126,-0.35448432291684584,0.14299216066400972,8.884410757678431,0.2744955045729775,0.05823249450149213
短(0.5-6月),"快(10,42)",0.2,周,0.04925341592926591,0.4381996258546335,-0.3384243828923017,0.1455374329365034,5.132327721715086,0.27449550457297417,0.05827604087144775
短(0.5-6月),"快(10,42)",0.2,月,0.03430172975852508,0.31878843145802505,-0.5037173619959191,0.06809717581027706,2.632537174840616,0.2744955045729715,0.058278823001357324
短(0.5-6月),"基准(21,63)",0.0,日,0.05155476237851153,0.45229382075547525,-0.36901136188558037,0.1397105013652592,15.779149115872794,0.27449550457297534,0.058284398347704644
短(0.5-6月),"基准(21,63)",0.0,周,0.05107766974729988,0.44421627180203205,-0.34605777194571585,0.14759867827881684,7.050197150932489,0.27449550457297756,0.05828673337154838
短(0.5-6月),"基准(21,63)",0.0,月,0.03035905020889529,0.2878759173290115,-0.4940744019127846,0.06144631272407906,3.149161726320233,0.27449550457297217,0.05828813722699529
短(0.5-6月),"基准(21,63)",0.05,日,0.05188023652240381,0.4550533954174597,-0.36752794731921457,0.1411599768148883,15.348896136896885,0.2744955045729762,0.058286829067588516
短(0.5-6月),"基准(21,63)",0.05,周,0.050900399144182984,0.4429875260448646,-0.3479047952128185,0.14630554060931084,6.940019406071723,0.2744955045729737,0.05828829976796562
短(0.5-6月),"基准(21,63)",0.05,月,0.030016750668877323,0.2855905131351495,-0.4944386991958848,0.06070874047216398,3.140122966407394,0.2744955045729787,0.05829125102288553
短(0.5-6月),"基准(21,63)",0.1,日,0.05033653461645993,0.44442875312723873,-0.3706094257835598,0.1358209778664859,15.112514259638118,0.27449550457297633,0.058292893834937215
短(0.5-6月),"基准(21,63)",0.1,周,0.0505204687574583,0.4412709619998991,-0.3477449706874508,0.14528022837421717,6.7857536667640534,0.27449550457297694,0.058288669906774726
短(0.5-6月),"基准(21,63)",0.1,月,0.02849546694708671,0.2741438575922036,-0.4909002830252519,0.058047363043832075,3.124689751896684,0.27449550457297733,0.058287946379579215
短(0.5-6月),"基准(21,63)",0.2,日,0.054541301286940014,0.474116049244934,-0.34413502121698525,0.15848808730382147,8.333524198285554,0.274495504572976,0.05823099737537177
短(0.5-6月),"基准(21,63)",0.2,周,0.05586978709346502,0.47919335714307265,-0.34296518579469815,0.1629022110917962,4.968368238272661,0.2744955045729775,0.05828571594523783
短(0.5-6月),"基准(21,63)",0.2,月,0.02945729697451238,0.28234550481508813,-0.5003736553358056,0.05887059932190736,2.512513446101167,0.27449550457297833,0.058262580387079106
短(0.5-6月),"慢(42,126)",0.0,日,0.054242325879784614,0.46687806287489286,-0.37029707090128194,0.1464832701694396,15.663558711376579,0.274495504572977,0.058269302356240005
短(0.5-6月),"慢(42,126)",0.0,周,0.05163370814194179,0.4441444547910663,-0.3520721375037087,0.14665661562439852,6.936865113514186,0.27449550457297384,0.05827261294051084
短(0.5-6月),"慢(42,126)",0.0,月,0.030277921832274624,0.2854142718711044,-0.48992996162011737,0.061800510693713326,3.080019188495641,0.27449550457298244,0.05827452503455565
短(0.5-6月),"慢(42,126)",0.05,日,0.05308047390914061,0.45859613487886824,-0.3703078234659498,0.14334148658358392,15.341889238273932,0.27449550457297706,0.05827119219618928
短(0.5-6月),"慢(42,126)",0.05,周,0.051549376490370724,0.4431248358291487,-0.35159339857616245,0.1466164515577617,6.839406432564223,0.2744955045729744,0.05827273746476637
短(0.5-6月),"慢(42,126)",0.05,月,0.030009858323664318,0.28342419741004715,-0.4895925339713525,0.061295579980025355,3.0681988219956637,0.2744955045729726,0.058276145617389516
短(0.5-6月),"慢(42,126)",0.1,日,0.053932924023204265,0.4644397736299413,-0.3737757952268047,0.14429217919388845,15.12087685999813,0.27449550457297556,0.05827104919887659
短(0.5-6月),"慢(42,126)",0.1,周,0.05226132619736168,0.44753998966911995,-0.3543416447542893,0.14748852405875462,6.75201346456037,0.2744955045729734,0.05827212587529987
短(0.5-6月),"慢(42,126)",0.1,月,0.0312139936124205,0.2919164714260354,-0.48959253397135116,0.06375504413685974,3.023222339175805,0.27449550457297095,0.058271057473317595
短(0.5-6月),"慢(42,126)",0.2,日,0.05213818157282302,0.45546204380217953,-0.32600179241229954,0.15993219297053143,8.542451234689734,0.2744955045729751,0.058223854053455905
短(0.5-6月),"慢(42,126)",0.2,周,0.048022419549892614,0.4220087801658234,-0.33504837830669665,0.14332980745226542,4.8152345708794035,0.274495504572976,0.05827125258331755
短(0.5-6月),"慢(42,126)",0.2,月,0.02625119981980717,0.25714163430050174,-0.4766327848072248,0.055076362047618115,2.5174906221489417,0.27449550457297966,0.05822996570519052
基准(1-12月),"快(10,42)",0.0,日,0.04261450145648826,0.38856987201720017,-0.41863957390982953,0.1017928168101637,12.346147736595865,0.2744955045729753,0.05829937917638589
基准(1-12月),"快(10,42)",0.0,周,0.049483503862622014,0.4340633092076034,-0.3859345824092779,0.12821733557462206,5.6349116286963765,0.2744955045729741,0.05830310982700046
基准(1-12月),"快(10,42)",0.0,月,0.040690316972534335,0.3635388404013429,-0.463707204347914,0.08775002111462749,2.5961880486485884,0.2744955045729767,0.05827121128285174
基准(1-12月),"快(10,42)",0.05,日,0.042462362750183225,0.38766062658694334,-0.4163021349513044,0.10199890700812793,11.73970539834185,0.27449550457297445,0.05830234688496877
基准(1-12月),"快(10,42)",0.05,周,0.04902189105418131,0.4310293019027784,-0.3832660462077755,0.1279056455410758,5.479218604429972,0.274495504572978,0.05830503347292257
基准(1-12月),"快(10,42)",0.05,月,0.04047212392440769,0.36152432960971476,-0.4639179262419395,0.08723983626211704,2.5849596058766044,0.2744955045729791,0.05827110193191889
基准(1-12月),"快(10,42)",0.1,日,0.04383346141655009,0.3967871344898143,-0.41840040122649325,0.10476438666898329,11.385031986455202,0.2744955045729754,0.05830502387816824
基准(1-12月),"快(10,42)",0.1,周,0.04999887225196442,0.4375991691800196,-0.3793374825004796,0.13180577864962556,5.33277990201542,0.2744955045729776,0.05830436061405882
基准(1-12月),"快(10,42)",0.1,月,0.03780371919055181,0.3413282691529433,-0.47990663267883005,0.0787730708774166,2.548458632520239,0.2744955045729732,0.058266987165451284
基准(1-12月),"快(10,42)",0.2,日,0.04445217588692474,0.40181550641814534,-0.3789219184941145,0.11731223166921441,6.109769677585851,0.2744955045729788,0.05826113762937852
基准(1-12月),"快(10,42)",0.2,周,0.05622927306194869,0.4779763034585539,-0.3899784729085962,0.14418558194397516,3.628667659195253,0.27449550457297667,0.05824716392732576
基准(1-12月),"快(10,42)",0.2,月,0.037623708406172796,0.3403791189931203,-0.4784063335766343,0.07864383425882462,2.052967511166768,0.2744955045729763,0.05826017350074912
基准(1-12月),"基准(21,63)",0.0,日,0.043465534720331656,0.38944705414510966,-0.42019848868005405,0.10344048322702802,11.820394646469884,0.27449550457297717,0.05828313295726157
基准(1-12月),"基准(21,63)",0.0,周,0.04839509986588886,0.4203728818337341,-0.39240256751105607,0.12333023245197118,5.335382462211852,0.2744955045729781,0.058285207648765006
基准(1-12月),"基准(21,63)",0.0,月,0.0352343937417241,0.3203976785262327,-0.4704818617415162,0.0748900151247105,2.5775173748437576,0.27449550457297334,0.05824979814906381
基准(1-12月),"基准(21,63)",0.05,日,0.04474369985149118,0.39903908231418483,-0.416477522062241,0.10743364883160346,11.326138474527422,0.27449550457297467,0.058284995299525376
基准(1-12月),"基准(21,63)",0.05,周,0.04726442128121966,0.41236881813046106,-0.3929618649506498,0.12027737421074021,5.20541731558174,0.2744955045729767,0.058286899911493315
基准(1-12月),"基准(21,63)",0.05,月,0.03489600546318572,0.3181452586836864,-0.47068992171531865,0.07413799160180749,2.5744689966273775,0.27449550457297317,0.05825180028560057
基准(1-12月),"基准(21,63)",0.1,日,0.042501140343773836,0.38158736229709994,-0.4235066748163937,0.1003553022209147,11.087719932088143,0.27449550457297645,0.05828669471846036
基准(1-12月),"基准(21,63)",0.1,周,0.04901544435286298,0.4244938415298222,-0.3931229049499998,0.12468223991959236,5.100654149733484,0.274495504572974,0.058284147906894054
基准(1-12月),"基准(21,63)",0.1,月,0.03276511000070448,0.3029980472504172,-0.4706899217153193,0.06961081699242613,2.528082033535377,0.2744955045729752,0.05825426326510049
基准(1-12月),"基准(21,63)",0.2,日,0.05676246391606554,0.4873583197745508,-0.37816220462261185,0.1501008382704766,5.583199502705273,0.2744955045729744,0.05824832042707195
基准(1-12月),"基准(21,63)",0.2,周,0.05487957055701975,0.467048464595583,-0.3737475297732552,0.14683594187315174,3.371184054129442,0.2744955045729762,0.05825311817006569
基准(1-12月),"基准(21,63)",0.2,月,0.030245464714621972,0.2877766115818422,-0.468553191756071,0.06455076018427332,2.0536326318428837,0.27449550457297534,0.058240715501055536
基准(1-12月),"慢(42,126)",0.0,日,0.04775371141302487,0.4157267927136706,-0.4198834268325675,0.1137308794806686,11.566216360472698,0.2744955045729743,0.05826567809880115
基准(1-12月),"慢(42,126)",0.0,周,0.050056901845833224,0.42794236870224284,-0.39658625049413543,0.12621945865108464,5.162356022547414,0.27449550457297583,0.05826816785146783
基准(1-12月),"慢(42,126)",0.0,月,0.03574354729696516,0.32188547373388327,-0.46446661514901477,0.07695611725612951,2.4957478032594684,0.27449550457297384,0.058233921679280404
基准(1-12月),"慢(42,126)",0.05,日,0.04625704696735977,0.40462453602877274,-0.41774758977639415,0.11072965613546584,11.218311682744362,0.2744955045729751,0.058266772560095416
基准(1-12月),"慢(42,126)",0.05,周,0.05016990192588078,0.42819882927623365,-0.3954102404362785,0.12688063382102974,5.0554432447530795,0.274495504572978,0.0582679896378734
基准(1-12月),"慢(42,126)",0.05,月,0.03605216591158067,0.3238893497956036,-0.4646770386528972,0.07758542581767373,2.480899040146517,0.2744955045729746,0.05823491216374418
基准(1-12月),"慢(42,126)",0.1,日,0.049104624487696924,0.4249932125235292,-0.4209542913864708,0.11665072786397805,11.06478314313876,0.2744955045729747,0.058271111557275705
基准(1-12月),"慢(42,126)",0.1,周,0.05040774976090323,0.42925513235176954,-0.3984918992266422,0.126496297311765,4.979273818919021,0.27449550457297794,0.05826800954077919
基准(1-12月),"慢(42,126)",0.1,月,0.03521552067271361,0.3188940192996845,-0.4646770386528989,0.0757849382332374,2.4360760795497027,0.27449550457297595,0.058242561305441316
基准(1-12月),"慢(42,126)",0.2,日,0.04596889859968667,0.4047347371055519,-0.4460313772748079,0.10306202868630117,5.76137744058632,0.27449550457297583,0.05824809674497253
基准(1-12月),"慢(42,126)",0.2,周,0.061297455409923485,0.5000504179908036,-0.39400225369892905,0.15557640809020098,3.2058011580412757,0.2744955045729736,0.058204754978447466
基准(1-12月),"慢(42,126)",0.2,月,0.03251205084743325,0.2998364120898474,-0.46191785931199303,0.07038491842653273,2.0312910771312715,0.27449550457297756,0.05821846263030442
长(2-24月),"快(10,42)",0.0,日,0.03338537631324079,0.3212109859262579,-0.3804308253948535,0.08775675913903593,9.608235453396588,0.25345942077697986,0.05232500516120871
长(2-24月),"快(10,42)",0.0,周,0.04593664210029402,0.4125178235156112,-0.32165807882918107,0.14281202657026693,4.3874833764494845,0.2534594207769804,0.05232995771609213
长(2-24月),"快(10,42)",0.0,月,0.03597300473844656,0.33520600396106703,-0.39654506978796433,0.09071605595218116,2.02203143614923,0.2534594207769806,0.05230670895589261
长(2-24月),"快(10,42)",0.05,日,0.032813345985849285,0.3171836496781935,-0.37851375920866503,0.08668996882557212,8.873521894437108,0.2534594207769807,0.052329240838162566
长(2-24月),"快(10,42)",0.05,周,0.044238378527796884,0.40007513471395334,-0.32159498766364525,0.13755929111079804,4.182354020632024,0.25345942077698125,0.052331247617750286
长(2-24月),"快(10,42)",0.05,月,0.03581742569365698,0.3337024937223561,-0.3970845793386758,0.09020099887361298,2.0072893904884324,0.25345942077697964,0.052306936392536106
长(2-24月),"快(10,42)",0.1,日,0.03264971159440466,0.31549414391584724,-0.3832417065160926,0.08519352418924081,8.496178918294786,0.2534594207769798,0.05232674683447918
长(2-24月),"快(10,42)",0.1,周,0.04570250859212832,0.4124488981178059,-0.31392358272974497,0.14558482097687242,4.030848443325543,0.2534594207769803,0.05234333832543823
长(2-24月),"快(10,42)",0.1,月,0.03379112655415084,0.3191265319124491,-0.40705105221599214,0.08301446801375757,1.9380173687698445,0.2534594207769806,0.052318825146143215
长(2-24月),"快(10,42)",0.2,日,0.03459251591036505,0.3264539773353825,-0.36707058864345965,0.09423941056733696,4.280290948839547,0.253459420776981,0.05219124537122259
长(2-24月),"快(10,42)",0.2,周,0.037553137072799725,0.3493368720030612,-0.34612635801354574,0.10849545607656402,2.6568879003518147,0.253459420776979,0.052295601758908856
长(2-24月),"快(10,42)",0.2,月,0.030370316725670365,0.2966825300659735,-0.37272095972830577,0.08148271765507566,1.5911734511483793,0.2534594207769808,0.0523562829398036
长(2-24月),"基准(21,63)",0.0,日,0.03326280311111973,0.31654199687553863,-0.38384643063716206,0.0866565388035665,8.964668126002074,0.2534594207769781,0.05229652147367206
长(2-24月),"基准(21,63)",0.0,周,0.04376883079308169,0.39154944989291673,-0.3291653304812727,0.13296913963899926,4.013175819559004,0.25345942077698097,0.0522993409522898
长(2-24月),"基准(21,63)",0.0,月,0.030003329994833683,0.2875630601228065,-0.40203059398230456,0.07462946960736597,1.980367173374158,0.25345942077697653,0.052270181021582554
长(2-24月),"基准(21,63)",0.05,日,0.034458589235299986,0.32607207924904835,-0.38217840938764747,0.09016362093952902,8.389660196110208,0.2534594207769807,0.052305814264889325
长(2-24月),"基准(21,63)",0.05,周,0.04259225440834147,0.383123377856943,-0.3348645668527912,0.1271924790629321,3.8203809319263824,0.2534594207769781,0.05230744342363472
长(2-24月),"基准(21,63)",0.05,月,0.029966536289450563,0.28738109187949235,-0.40646844874897703,0.07372413869189885,1.9557029673573414,0.25345942077697925,0.05227616176237707
长(2-24月),"基准(21,63)",0.1,日,0.032079316999799934,0.3078195855636762,-0.3890911253054168,0.08244679694151158,8.183043570931902,0.2534594207769795,0.05230549577325199
长(2-24月),"基准(21,63)",0.1,周,0.043354699105004224,0.3885883802974746,-0.33835375424087644,0.12813423395367354,3.7316596521414525,0.25345942077698536,0.05230859683290581
长(2-24月),"基准(21,63)",0.1,月,0.02820056625851808,0.2744350742728862,-0.4064684487489768,0.06937947175312968,1.8930433694832722,0.2534594207769797,0.052267901424392714
长(2-24月),"基准(21,63)",0.2,日,0.042048552908875436,0.3775364270419463,-0.3671564084030584,0.1145249053169602,3.8120050693319247,0.2534594207769759,0.05219780746191981
长(2-24月),"基准(21,63)",0.2,周,0.03611046574907206,0.33418811605298465,-0.3578938665427823,0.10089713494644494,2.353507224545153,0.25345942077698236,0.05225123846791788
长(2-24月),"基准(21,63)",0.2,月,0.021784528361813216,0.22844561558471316,-0.3933833767543359,0.055377348533508175,1.4898220128146296,0.2534594207769824,0.05227981026551619
长(2-24月),"慢(42,126)",0.0,日,0.037029382778311914,0.3410727261268225,-0.3835156779290113,0.09655246163148003,8.695822331924978,0.2534594207769795,0.05226586698832967
长(2-24月),"慢(42,126)",0.0,周,0.04501608424577541,0.39703175563421883,-0.3335765515856025,0.1349497859840528,3.844152410719556,0.2534594207769811,0.05226983085177451
长(2-24月),"慢(42,126)",0.0,月,0.02978471956303519,0.28457706106452213,-0.3977768277977902,0.07487796543587563,1.9010114100838347,0.2534594207769825,0.05224355403501302
长(2-24月),"慢(42,126)",0.05,日,0.036740194546435845,0.33916366180229157,-0.38121973556522115,0.09637537388236851,8.258933402585678,0.2534594207769813,0.052271927634330674
长(2-24月),"慢(42,126)",0.05,周,0.04338141647033855,0.3853748473382425,-0.34066423678508184,0.12734361810249842,3.6856766102085006,0.2534594207769784,0.05228130789903972
长(2-24月),"慢(42,126)",0.05,月,0.029808242573587274,0.2847097674671031,-0.4021476079995312,0.07412264049478574,1.8629625062577868,0.2534594207769792,0.0522501547251144
长(2-24月),"慢(42,126)",0.1,日,0.03740367945100931,0.34384542056382417,-0.3848401367070361,0.09719277144806568,8.187405067849037,0.2534594207769814,0.0522809870617683
长(2-24月),"慢(42,126)",0.1,周,0.0453542290281419,0.3990240792650061,-0.3410675681532448,0.13297725513369196,3.6434647909068336,0.25345942077698136,0.05228365746493596
长(2-24月),"慢(42,126)",0.1,月,0.027399818152635147,0.2671438181361996,-0.40214760799953475,0.06813373400114031,1.8440229996676947,0.2534594207769778,0.05224155868012013
长(2-24月),"慢(42,126)",0.2,日,0.045376813941437444,0.40067740231921767,-0.3803030636028252,0.11931750828288713,3.686354106184334,0.2534594207769829,0.05220632979327086
长(2-24月),"慢(42,126)",0.2,周,0.047885775932645425,0.411866361754882,-0.31864059259336985,0.15028146772798154,2.2764101854103767,0.2534594207769811,0.05211476522211471
长(2-24月),"慢(42,126)",0.2,月,0.030321956029945474,0.2905836420683811,-0.38297090941265766,0.07917561173627695,1.3051544400059736,0.2534594207769809,0.05225951479634738
