gamma,m_max,trap,lag,carry,excess,cost_gap
1.0,2,True,1,False,0.0030525027488386147,-0.0030432133317782606
1.0,2,True,1,True,0.003276675501083126,-0.003076086958948898
1.0,2,True,5,False,0.0029290585560277638,-0.002920504228130505
1.0,2,True,5,True,0.0031494313382320893,-0.002949814926343608
1.0,2,True,21,False,0.002827507568336163,-0.0028195353109057297
1.0,2,True,21,True,0.0030766867491498484,-0.0028650402401705355
1.0,2,False,1,False,0.0005356073629818603,-0.0005353206413050149
1.0,2,False,1,True,0.0005478293853788951,-0.0005368674167774978
1.0,2,False,5,False,0.0004784750550235195,-0.0004782462261340159
1.0,2,False,5,True,0.0004923855483971451,-0.00048086661092816563
1.0,2,False,21,False,0.0008605519183888521,-0.0008598120055182124
1.0,2,False,21,True,0.0009071085539473778,-0.0008792378804914902
1.0,3,True,1,False,0.0030525027488386147,-0.0030432133317782606
1.0,3,True,1,True,0.003276675501083126,-0.003076086958948898
1.0,3,True,5,False,0.00290885877696323,-0.002900421859380775
1.0,3,True,5,True,0.0031288794093413674,-0.002929544415848029
1.0,3,True,21,False,0.0028398585589055614,-0.0028318166002962997
1.0,3,True,21,True,0.0030827285293071327,-0.0028749694942525883
1.0,3,False,1,False,0.0005356073629818603,-0.0005353206413050149
1.0,3,False,1,True,0.0005478293853788951,-0.0005368674167774978
1.0,3,False,5,False,0.00045796920206542246,-0.00045775956228388814
1.0,3,False,5,True,0.0004715191218549464,-0.0004601814958457018
1.0,3,False,21,False,0.0008683717476214436,-0.0008676183323741427
1.0,3,False,21,True,0.0009084447534544182,-0.0008845835950751502
1.0,5,True,1,False,0.0030525027488386147,-0.0030432133317782606
1.0,5,True,1,True,0.003276675501083126,-0.003076086958948898
1.0,5,True,5,False,0.00290885877696323,-0.002900421859380775
1.0,5,True,5,True,0.0031288794093413674,-0.002929544415848029
1.0,5,True,21,False,0.0028391052681553397,-0.002831067569304957
1.0,5,True,21,True,0.0030819647968156616,-0.0028742150809721867
1.0,5,False,1,False,0.0005356073629818603,-0.0005353206413050149
1.0,5,False,1,True,0.0005478293853788951,-0.0005368674167774978
1.0,5,False,5,False,0.00045796920206542246,-0.00045775956228388814
1.0,5,False,5,True,0.0004715191218549464,-0.0004601814958457018
1.0,5,False,21,False,0.0008673510032286558,-0.0008665993574067388
1.0,5,False,21,True,0.0009074099408872272,-0.0008835570942690163
1.5,2,True,1,False,-0.007402247902388193,0.007457449794488813
1.5,2,True,1,True,0.00376221144182165,0.010273301218058695
1.5,2,True,5,False,-0.007693101183300577,0.007752743826004327
1.5,2,True,5,True,0.003352055637007023,0.010674025512729779
1.5,2,True,21,False,-0.008424196071542545,0.008495766070701904
1.5,2,True,21,True,0.0021733472219147565,0.01182719254885689
1.5,2,False,1,False,0.0012273666692868002,-0.0012258620870215786
1.5,2,False,1,True,0.003913597902625021,-0.0008495409654591946
1.5,2,False,5,False,0.0009039627447631204,-0.0009031463341255819
1.5,2,False,5,True,0.0036100886987440184,-0.0005495137477926626
1.5,2,False,21,False,0.00036714838957729867,-0.00036701364111213497
1.5,2,False,21,True,0.0030198444431515092,4.309989210327103e-05
1.5,3,True,1,False,-0.007402247902388193,0.007457449794488813
1.5,3,True,1,True,0.00376221144182165,0.010273301218058695
1.5,3,True,5,False,-0.007693101183300577,0.007752743826004327
1.5,3,True,5,True,0.003352055637007023,0.010674025512729779
1.5,3,True,21,False,-0.00841957137362126,0.00849106248021303
1.5,3,True,21,True,0.0021778608770659513,0.011822581138674071
1.5,3,False,1,False,0.0012273666692868002,-0.0012258620870215786
1.5,3,False,1,True,0.003913597902625021,-0.0008495409654591946
1.5,3,False,5,False,0.0009039627447631204,-0.0009031463341255819
1.5,3,False,5,True,0.0036100886987440184,-0.0005495137477926626
1.5,3,False,21,False,0.0003729248695605314,-0.00037278584844901985
1.5,3,False,21,True,0.00302546494823841,3.7419897182422446e-05
1.5,5,True,1,False,-0.007402247902388193,0.007457449794488813
1.5,5,True,1,True,0.00376221144182165,0.010273301218058695
1.5,5,True,5,False,-0.007693101183300577,0.007752743826004327
1.5,5,True,5,True,0.003352055637007023,0.010674025512729779
1.5,5,True,21,False,-0.00841957137362126,0.00849106248021303
1.5,5,True,21,True,0.0021778608770659513,0.011822581138674071
1.5,5,False,1,False,0.0012273666692868002,-0.0012258620870215786
1.5,5,False,1,True,0.003913597902625021,-0.0008495409654591946
1.5,5,False,5,False,0.0009039627447631204,-0.0009031463341255819
1.5,5,False,5,True,0.0036100886987440184,-0.0005495137477926626
1.5,5,False,21,False,0.0003729248695605314,-0.00037278584844901985
1.5,5,False,21,True,0.00302546494823841,3.7419897182422446e-05
2.0,2,True,1,False,-0.060994973609110104,-0.00605536489759273
2.0,2,True,1,True,-0.036933764428942695,-0.006055364919144601
2.0,2,True,5,False,-0.061159855803783914,-0.005944470460850226
2.0,2,True,5,True,-0.037155574720959095,-0.005945731706313295
2.0,2,True,21,False,-0.0621176929041698,-0.005045252871750727
2.0,2,True,21,True,-0.038304992279388994,-0.005069640618551641
2.0,2,False,1,False,-0.03380658384524382,0.01094616049368713
2.0,2,False,1,True,-0.018467397598645796,0.01094616049368713
2.0,2,False,5,False,-0.034114560085861,0.011117287915309193
2.0,2,False,5,True,-0.018803671826198243,0.011116125176783287
2.0,2,False,21,False,-0.035501849410990105,0.012057237328182646
2.0,2,False,21,True,-0.020270166979389215,0.01203488491303828
2.0,3,True,1,False,-0.060994973609110104,-0.00605536489759273
2.0,3,True,1,True,-0.036933764428942695,-0.006055364919144601
2.0,3,True,5,False,-0.061159855803783914,-0.005944470460850226
2.0,3,True,5,True,-0.037155574720959095,-0.005945731706313295
2.0,3,True,21,False,-0.0621176929041698,-0.005045252871750727
2.0,3,True,21,True,-0.038304992279388994,-0.005069640618551641
2.0,3,False,1,False,-0.03380658384524382,0.01094616049368713
2.0,3,False,1,True,-0.018467397598645796,0.01094616049368713
2.0,3,False,5,False,-0.034114560085861,0.011117287915309193
2.0,3,False,5,True,-0.018803671826198243,0.011116125176783287
2.0,3,False,21,False,-0.035501849410990105,0.012057237328182646
2.0,3,False,21,True,-0.020270166979389215,0.01203488491303828
2.0,5,True,1,False,-0.060994973609110104,-0.00605536489759273
2.0,5,True,1,True,-0.036933764428942695,-0.006055364919144601
2.0,5,True,5,False,-0.061159855803783914,-0.005944470460850226
2.0,5,True,5,True,-0.037155574720959095,-0.005945731706313295
2.0,5,True,21,False,-0.0621176929041698,-0.005045252871750727
2.0,5,True,21,True,-0.038304992279388994,-0.005069640618551641
2.0,5,False,1,False,-0.03380658384524382,0.01094616049368713
2.0,5,False,1,True,-0.018467397598645796,0.01094616049368713
2.0,5,False,5,False,-0.034114560085861,0.011117287915309193
2.0,5,False,5,True,-0.018803671826198243,0.011116125176783287
2.0,5,False,21,False,-0.035501849410990105,0.012057237328182646
2.0,5,False,21,True,-0.020270166979389215,0.01203488491303828
3.0,2,True,1,False,-0.14719019530972022,-0.05133885884316125
3.0,2,True,1,True,-0.10116324727920412,-0.051339348511129645
3.0,2,True,5,False,-0.1486085362669386,-0.04979115328264583
3.0,2,True,5,True,-0.10242033173721932,-0.04979115328264583
3.0,2,True,21,False,-0.1553500311736895,-0.042112353230558175
3.0,2,True,21,True,-0.10839383812882175,-0.042112353230558175
3.0,2,False,1,False,-0.10315223115022454,-0.0543538410194383
3.0,2,False,1,True,-0.06731536451677067,-0.05461299603600045
3.0,2,False,5,False,-0.10335814018718792,-0.05397405913673381
3.0,2,False,5,True,-0.0675362513235509,-0.054267522479352515
3.0,2,False,21,False,-0.10735411847276388,-0.04892641699929212
3.0,2,False,21,True,-0.07173212600343082,-0.04892641699929212
3.0,3,True,1,False,-0.14719019530972022,-0.05133885884316125
3.0,3,True,1,True,-0.10116324727920412,-0.051339348511129645
3.0,3,True,5,False,-0.1486085362669386,-0.04979115328264583
3.0,3,True,5,True,-0.10242033173721932,-0.04979115328264583
3.0,3,True,21,False,-0.1553500311736895,-0.042112353230558175
3.0,3,True,21,True,-0.10839383812882175,-0.042112353230558175
3.0,3,False,1,False,-0.10315223115022454,-0.0543538410194383
3.0,3,False,1,True,-0.06731536451677067,-0.05461299603600045
3.0,3,False,5,False,-0.10335814018718792,-0.05397405913673381
3.0,3,False,5,True,-0.0675362513235509,-0.054267522479352515
3.0,3,False,21,False,-0.10735411847276388,-0.04892641699929212
3.0,3,False,21,True,-0.07173212600343082,-0.04892641699929212
3.0,5,True,1,False,-0.14719019530972022,-0.05133885884316125
3.0,5,True,1,True,-0.10116324727920412,-0.051339348511129645
3.0,5,True,5,False,-0.1486085362669386,-0.04979115328264583
3.0,5,True,5,True,-0.10242033173721932,-0.04979115328264583
3.0,5,True,21,False,-0.1553500311736895,-0.042112353230558175
3.0,5,True,21,True,-0.10839383812882175,-0.042112353230558175
3.0,5,False,1,False,-0.10315223115022454,-0.0543538410194383
3.0,5,False,1,True,-0.06731536451677067,-0.05461299603600045
3.0,5,False,5,False,-0.10335814018718792,-0.05397405913673381
3.0,5,False,5,True,-0.0675362513235509,-0.054267522479352515
3.0,5,False,21,False,-0.10735411847276388,-0.04892641699929212
3.0,5,False,21,True,-0.07173212600343082,-0.04892641699929212
4.0,2,True,1,False,-0.2226247167365114,-0.051528986005291544
4.0,2,True,1,True,-0.15989872593814058,-0.051528986005291544
4.0,2,True,5,False,-0.2238270116214015,-0.049791153282644274
4.0,2,True,5,True,-0.1609563752722919,-0.049791153282644274
4.0,2,True,21,False,-0.22888313280146322,-0.04211235323056017
4.0,2,True,21,True,-0.16543650506599084,-0.04211235323056017
4.0,2,False,1,False,-0.18549458161287458,-0.05852949126666873
4.0,2,False,1,True,-0.13138660611672204,-0.05852949126666873
4.0,2,False,5,False,-0.18692219331169257,-0.05673887384791865
4.0,2,False,5,True,-0.13264599050589,-0.05673887384791865
4.0,2,False,21,False,-0.1928861982757698,-0.04892641699928901
4.0,2,False,21,True,-0.1379402209719489,-0.04892641699928901
4.0,3,True,1,False,-0.2226247167365114,-0.051528986005291544
4.0,3,True,1,True,-0.15989872593814058,-0.051528986005291544
4.0,3,True,5,False,-0.2238270116214015,-0.049791153282644274
4.0,3,True,5,True,-0.1609563752722919,-0.049791153282644274
4.0,3,True,21,False,-0.22888313280146322,-0.04211235323056017
4.0,3,True,21,True,-0.16543650506599084,-0.04211235323056017
4.0,3,False,1,False,-0.18549458161287458,-0.05852949126666873
4.0,3,False,1,True,-0.13138660611672204,-0.05852949126666873
4.0,3,False,5,False,-0.18692219331169257,-0.05673887384791865
4.0,3,False,5,True,-0.13264599050589,-0.05673887384791865
4.0,3,False,21,False,-0.1928861982757698,-0.04892641699928901
4.0,3,False,21,True,-0.1379402209719489,-0.04892641699928901
4.0,5,True,1,False,-0.2226247167365114,-0.051528986005291544
4.0,5,True,1,True,-0.15989872593814058,-0.051528986005291544
4.0,5,True,5,False,-0.2238270116214015,-0.049791153282644274
4.0,5,True,5,True,-0.1609563752722919,-0.049791153282644274
4.0,5,True,21,False,-0.22888313280146322,-0.04211235323056017
4.0,5,True,21,True,-0.16543650506599084,-0.04211235323056017
4.0,5,False,1,False,-0.18549458161287458,-0.05852949126666873
4.0,5,False,1,True,-0.13138660611672204,-0.05852949126666873
4.0,5,False,5,False,-0.18692219331169257,-0.05673887384791865
4.0,5,False,5,True,-0.13264599050589,-0.05673887384791865
4.0,5,False,21,False,-0.1928861982757698,-0.04892641699928901
4.0,5,False,21,True,-0.1379402209719489,-0.04892641699928901
