gamma,sigma,band,lag,avg_w,CAGR,Sharpe,MaxDD,alpha,dSharpe,dMDD
1.0,expanding,0.0,1,0.8794753808171976,0.11278056866900643,0.619947109038908,-0.31392437179593813,0.020713815374701294,0.13014794072726765,0.09277485736246671
1.0,expanding,0.0,5,0.8791698591015634,0.11210103983671416,0.6154339596968535,-0.3162503096110839,0.019664500769619897,0.12376936000748467,0.0903272185687648
1.0,expanding,0.0,21,0.8787615507841292,0.12042673557571026,0.6602028216241812,-0.3194298945111651,0.022329624576622464,0.13873039679967736,0.08698496206176198
1.0,expanding,0.05,1,0.8679759112634597,0.1112544542128091,0.6174311921262712,-0.3113712518272177,0.019790548437087496,0.12434916474924174,0.09073545301664099
1.0,expanding,0.05,5,0.8673204499634284,0.10981861491086464,0.6096365287597179,-0.31656795282348393,0.018009005579023185,0.11459017199387711,0.08527624753904528
1.0,expanding,0.05,21,0.8685072577803058,0.11740968948374841,0.6481832702587821,-0.31766107887540296,0.019925246952226416,0.12380864009872816,0.0846583657966764
1.0,expanding,0.1,1,0.8698757844264162,0.10973718140437883,0.6058671539252237,-0.31487296091493466,0.018173265865388366,0.11333117498657336,0.08799417296335632
1.0,expanding,0.1,5,0.8668245377310756,0.10857700694022832,0.6027470233997232,-0.315288337267262,0.016793773221158048,0.10755789801983512,0.08635720346127629
1.0,expanding,0.1,21,0.8716900090519382,0.12087680241482057,0.665853298851519,-0.3153477179941164,0.02320169822500784,0.14238395364753065,0.08824494281353479
1.0,expanding,0.2,1,0.833927915568117,0.11153649931268594,0.6400855739463347,-0.2867825343036837,0.021892404251341757,0.13695724645418472,0.10158317189124366
1.0,expanding,0.2,5,0.8327642370275345,0.11413885738128204,0.6561175172834317,-0.28522209143109856,0.024193596056115485,0.15087107067951666,0.1026701778994965
1.0,expanding,0.2,21,0.8349261655176741,0.12135033834233111,0.6906682241585229,-0.2851531091464129,0.02590493089700474,0.15648218502297095,0.10361852922244108
1.0,0.2,0.0,1,0.9706016761022116,0.10554458798311672,0.5239829958207928,-0.3622126893329145,0.008912372136246516,0.05851594795994414,0.08002607924929706
1.0,0.2,0.0,5,0.9706376913197451,0.10519591174904952,0.5220586333806805,-0.36139383801277525,0.00813382801294571,0.05479820403453178,0.08085867983337447
1.0,0.2,0.0,21,0.9703913880996061,0.1179090682188666,0.5898691537431499,-0.35415356523201935,0.014545909567908799,0.09266320800035482,0.08800491860814907
1.0,0.2,0.05,1,0.9711417038929595,0.10560399083709382,0.5241390868394697,-0.3622126893329145,0.008945845751716641,0.05880830672699289,0.08023221728130692
1.0,0.2,0.05,5,0.9714972505268552,0.10484996115534195,0.5199450512868691,-0.36139383801277525,0.007746214270967666,0.0529012626382665,0.08118675842037659
1.0,0.2,0.05,21,0.9711133948219417,0.11781904397058285,0.589164280074081,-0.35574275651582965,0.014415889318144082,0.09213894615925594,0.08669134533022882
1.0,0.2,0.1,1,0.9674736009242382,0.10596939612117784,0.5277704728563639,-0.3720804652891677,0.009487635851376242,0.06151243894134811,0.06896323373525814
1.0,0.2,0.1,5,0.968116319032797,0.10496645213622235,0.5221033979105171,-0.3788879378896174,0.008026774945010251,0.05420625597055034,0.06240145246080098
1.0,0.2,0.1,21,0.967179955889324,0.12005581001101895,0.603767418425494,-0.3567266544337897,0.01687083583378879,0.10575630848852441,0.08420476847784564
1.0,0.2,0.2,1,0.9451777026608092,0.10596037397945679,0.5423016237744663,-0.34749804277213325,0.010563948294020298,0.07032113388054684,0.08497664843940078
1.0,0.2,0.2,5,0.94447285850534,0.1060377719875778,0.5431328246154731,-0.34713248404664276,0.010260039474103255,0.0691729008055415,0.08506985311304494
1.0,0.2,0.2,21,0.9476091558880205,0.11439246529722435,0.5854986813572216,-0.37257378463542346,0.01230342059714351,0.08251504439351487,0.06083973967596745
1.0,0.25,0.0,1,0.8210963722451712,0.11508327623162673,0.6791915505529881,-0.2673699632597225,0.026138498067964422,0.17214127427082404,0.11576133939335209
1.0,0.25,0.0,5,0.8209878200386065,0.1126879799145426,0.6635597362547021,-0.27043085799310573,0.02339029945551796,0.15471382388538768,0.11265603163157722
1.0,0.25,0.0,21,0.8209506283932485,0.12168319387588333,0.7161979163328581,-0.27356287255055145,0.0271010711817532,0.1777798462285065,0.10950879998536056
1.0,0.25,0.05,1,0.8233243308661069,0.11506597818758091,0.6773314765394544,-0.2676008646744831,0.02599924795602826,0.1709678057605628,0.11644149837780526
1.0,0.25,0.05,5,0.8200308375825537,0.11253108983499915,0.6638602961994717,-0.27789277132632895,0.023286305980099176,0.1547189631286886,0.10480248342764786
1.0,0.25,0.05,21,0.8218198828307274,0.12111395282672843,0.7131849676566571,-0.27549069970986595,0.02647788407963847,0.17503282260697672,0.10793656369295745
1.0,0.25,0.1,1,0.8169083355374371,0.10859555891937855,0.6419536796781679,-0.26639649850514213,0.019880622734893993,0.1336062040256636,0.11501971514748421
1.0,0.25,0.1,5,0.8183210400811594,0.10629518190100629,0.6255766282449088,-0.273505434964863,0.01714500791726903,0.11590636838546542,0.10848967732731163
1.0,0.25,0.1,21,0.8171038586050278,0.12045405728561298,0.7135873850432444,-0.26696668046001626,0.02611106531200491,0.17398810299759115,0.11452967696617544
1.0,0.25,0.2,1,0.8266546795278686,0.11605102088576902,0.6790954575415967,-0.2663964985051427,0.026802411043291396,0.17375367052192658,0.11900598819435138
1.0,0.25,0.2,5,0.8264515951939518,0.11312144476031194,0.6621964231637386,-0.2735054349648628,0.023522541793926877,0.15502871082893188,0.11181417078041245
1.0,0.25,0.2,21,0.8314235302443089,0.12071086920235508,0.6996241765506188,-0.2739714059260191,0.02548101417523818,0.16438606981693415,0.11337509083671271
1.0,0.3,0.0,1,0.5859594339560802,0.09951637659342194,0.8195875817015472,-0.16826668024956815,0.024676353432997455,0.2209850995091992,0.11338795677831637
1.0,0.3,0.0,5,0.5855776278205811,0.09699738840625827,0.7960498288558561,-0.17142245211734553,0.02193110500244755,0.1955820547761825,0.11005865027729234
1.0,0.3,0.0,21,0.5860304170743151,0.10352992027708163,0.8486642721714829,-0.17632077559360793,0.024731617877132184,0.21950455710309758,0.10536612076140461
1.0,0.3,0.05,1,0.5871838259070521,0.09587809121148294,0.7871184889769519,-0.1772025719091499,0.020958363748593944,0.18913082717662089,0.10500836771271616
1.0,0.3,0.05,5,0.585900391907645,0.09603418454983026,0.7882561758315183,-0.1732947958674106,0.020946732137535173,0.1879506855183174,0.10833300786555633
1.0,0.3,0.05,21,0.5871144800668299,0.10326547064619884,0.8488583484681842,-0.17775399765522126,0.024388891723415185,0.22023902247794802,0.10442544264153053
1.0,0.3,0.1,1,0.5868919424470767,0.09608000854071408,0.7914094488607499,-0.18624834123652612,0.02117927595078828,0.1932754040291199,0.09583000817113507
1.0,0.3,0.1,5,0.5905881689033993,0.09560148494681942,0.7816760530883898,-0.17919773495723057,0.020207083977690665,0.18371170937558223,0.1045584019724638
1.0,0.3,0.1,21,0.5930075776497391,0.10327038090296603,0.8333807133937491,-0.19332705384882742,0.023969152410124872,0.2076715725123509,0.0915258289466595
1.0,0.3,0.2,1,0.5914482945501144,0.09278382984854527,0.7643636090984028,-0.18851414918979903,0.017587003743619878,0.16850159332061188,0.09563202578257501
1.0,0.3,0.2,5,0.592220548465949,0.09271296131663642,0.7598600329187252,-0.18979008865065816,0.017211897338070825,0.1627040462431577,0.09470615230737256
1.0,0.3,0.2,21,0.591384791411946,0.09720788027463878,0.7865502879461317,-0.17850554425599496,0.01802344096398545,0.16004434899539588,0.10561183920366657
1.5,expanding,0.0,1,0.6797072985708428,0.11178101201880408,0.7839199465043801,-0.21220158888767404,0.03102649985480821,0.22732812102916322,0.11119192834533931
1.5,expanding,0.0,5,0.6792931546901337,0.10913276176683762,0.7622962077786434,-0.2157059356618407,0.028109739135399048,0.20382463265163742,0.10750697601951775
1.5,expanding,0.0,21,0.6791215444841302,0.11607433018827384,0.8031107158043755,-0.22057470843473836,0.030736579968094535,0.21537337911012566,0.10256335535711969
1.5,expanding,0.05,1,0.6807767667455779,0.11068661966175819,0.7752818271106717,-0.22029236819461828,0.029866846227385446,0.21911828382535192,0.10356738347218886
1.5,expanding,0.05,5,0.679227575426254,0.10852630495239146,0.7587423901981402,-0.2207538979471393,0.027507316893874867,0.2002445228321379,0.10243041197550784
1.5,expanding,0.05,21,0.6781180519891467,0.11570289314101401,0.799252842181837,-0.22192747696463733,0.030433658493498106,0.21111543180022085,0.10077279856405696
1.5,expanding,0.1,1,0.6798158431422886,0.10988113960765444,0.7724217454081493,-0.2169306644875182,0.02912000153361638,0.21587343308818763,0.10651018284823777
1.5,expanding,0.1,5,0.681066029210317,0.10739528337438187,0.7520740401347072,-0.2153137492589573,0.02626326114352806,0.19431184188838424,0.10867206819553499
1.5,expanding,0.1,21,0.6804286840204082,0.11555505938482247,0.8053694397196055,-0.21197554656238426,0.030128126429687763,0.21815193078471784,0.11173248287004933
1.5,expanding,0.2,1,0.6803359671701115,0.10677480423839647,0.7349701554367751,-0.22658243387228938,0.025981923281368502,0.17863020804964547,0.09708517819197238
1.5,expanding,0.2,5,0.679874435430444,0.1069429570508258,0.7364357456912141,-0.22178200458151887,0.02588418104619028,0.17819705653525952,0.1016843905623891
1.5,expanding,0.2,21,0.6944496304109776,0.11889545298125359,0.8131140425765572,-0.20992222044824882,0.032516535393039,0.23138184145903895,0.11987868357178721
1.5,0.2,0.0,1,0.8450127615128395,0.11423568628837688,0.6561113522155929,-0.2781903301795705,0.023993408384409998,0.1563095592846533,0.1146725643165678
1.5,0.2,0.0,5,0.8449159464214537,0.11245485913546238,0.6446332600586384,-0.28046450277147406,0.021847889673056953,0.14303344849435062,0.1123592120846234
1.5,0.2,0.0,21,0.8447686384711426,0.12164736136954457,0.697886184549977,-0.28397232653378623,0.025599149219052597,0.16662661120014388,0.10879177162943177
1.5,0.2,0.05,1,0.8426387836430163,0.11214874836273703,0.6453119527200295,-0.27992158901912867,0.022034116072983778,0.14480240908372088,0.11198008985310226
1.5,0.2,0.05,5,0.8424798001979317,0.11095147941475147,0.637631816534376,-0.2835822493197314,0.020476637182622603,0.13530628973904835,0.10825502030533674
1.5,0.2,0.05,21,0.8414710438852452,0.11889553845292333,0.6850140152713456,-0.2875198199190241,0.023048811239802403,0.1527788137181828,0.10390866105978169
1.5,0.2,0.1,1,0.8410944890563011,0.11116304963791146,0.6393935145664058,-0.2768468468639588,0.02113158775348123,0.13842221683280842,0.11442899049443833
1.5,0.2,0.1,5,0.8376819068238733,0.10629826096105366,0.6133273713669405,-0.2841016721010162,0.016084416146012748,0.10956477389768182,0.1057896089320931
1.5,0.2,0.1,21,0.8466844382942962,0.1215945145073134,0.6979516830855608,-0.2835069567908485,0.02542946679685687,0.16725670855531816,0.1100321663428846
1.5,0.2,0.2,1,0.8475250733260515,0.11558226378048375,0.6599608498438613,-0.27684684686395755,0.025205177722333882,0.16090531998221097,0.11703213501902099
1.5,0.2,0.2,5,0.8636582626762388,0.10481597055624303,0.5912374730793925,-0.30493239696503593,0.013201399369980438,0.0951344178456181,0.09544368198678477
1.5,0.2,0.2,21,0.8408306920146553,0.11782653396605802,0.6730842251126072,-0.2847913062711287,0.022018988380857918,0.14065900650919627,0.10637758027551247
1.5,0.25,0.0,1,0.5625923001552479,0.09702653831735408,0.8321169448537326,-0.1611895959456746,0.023720042830801535,0.22137466557139807,0.10979092715760863
1.5,0.25,0.0,5,0.5621932641040839,0.09455002083046926,0.8080358927979644,-0.16218617356122278,0.021029386582302134,0.19541771397350638,0.10861112279089857
1.5,0.25,0.0,21,0.562674941018867,0.10081739271924728,0.8604671141978941,-0.16688740231181953,0.023717581797390697,0.21926341784085135,0.10413106329725252
1.5,0.25,0.05,1,0.5633275587476707,0.09386384635567802,0.8036833238920126,-0.1698383525353624,0.02050873911174067,0.1933352934205802,0.10147969833507609
1.5,0.25,0.05,5,0.5615494668961231,0.0930488907860576,0.7997048425121226,-0.16399875311346546,0.01957114292793749,0.1867407064678397,0.10650286148798727
1.5,0.25,0.05,21,0.5636076262833551,0.10092558946049479,0.8638307516613491,-0.1682892888919657,0.02375750872863125,0.22312335921548,0.10315730131895984
1.5,0.25,0.1,1,0.5640990774203976,0.09368573441487293,0.8031321184776292,-0.17864792940646956,0.020279643091968058,0.19319688934356471,0.09302417849345324
1.5,0.25,0.1,5,0.5636378099479057,0.09458307305527125,0.8079707307965885,-0.17176050523803,0.020966275608298224,0.19612648813134625,0.09969993708175728
1.5,0.25,0.1,21,0.5700079632933586,0.09946258010104536,0.8359567485702697,-0.1854572857833663,0.02182700391471948,0.19861973342817507,0.0889225181918124
1.5,0.25,0.2,1,0.5632700413598042,0.08755353283257272,0.7546571212012444,-0.1788469905879998,0.01420222752237632,0.1442782795576315,0.09244466025339548
1.5,0.25,0.2,5,0.5640851674423296,0.08609970599138639,0.7397570544011992,-0.18011235587537777,0.01245314622317295,0.1281518422019725,0.0915533696614459
1.5,0.25,0.2,21,0.5691091134263857,0.09486042775150216,0.7967642777828537,-0.169174522409973,0.0172904012619437,0.15895762046918116,0.10479384131025471
1.5,0.3,0.0,1,0.39107804871628626,0.07796635183458522,0.9604307638943222,-0.10809461925671626,0.016629847097024086,0.2249969494729509,0.08115091048561318
1.5,0.3,0.0,5,0.39063175218588925,0.07594805889845269,0.932153842855589,-0.10389064363338552,0.014480865094210316,0.194726066600036,0.08513429598478106
1.5,0.3,0.0,21,0.39121095807206835,0.08026253001985606,0.9828057019572982,-0.09844583182204869,0.01633071192993829,0.21777882331737453,0.09086538272333822
1.5,0.3,0.05,1,0.3920610029192404,0.0734561585535718,0.9029765817712753,-0.12125378121352803,0.012047508390294892,0.16852467376373936,0.06847744455042282
1.5,0.3,0.05,5,0.39391547438995295,0.07265811020205293,0.8890695817340701,-0.12552667729108058,0.010948536254327568,0.15490856900375716,0.0651203275649066
1.5,0.3,0.05,21,0.3900580995571337,0.08189838452710285,1.0084329602830393,-0.09755780697102812,0.018059217274480233,0.24225590320319668,0.09118353329936268
1.5,0.3,0.1,1,0.39685713614853013,0.0803353797614641,0.9799072779173025,-0.12125378121352759,0.018575291249727233,0.2501836537077867,0.07084440772101186
1.5,0.3,0.1,5,0.396370966830125,0.07705372108343078,0.9380867351363927,-0.11583903233450477,0.015163195991864553,0.20633673666872088,0.07601944362067081
1.5,0.3,0.1,21,0.4035928520647613,0.0795710072878264,0.9437210811234575,-0.12442214873358326,0.014647536184625665,0.19067387171659667,0.0709921096245747
1.5,0.3,0.2,1,0.3889285837323389,0.07595294389901852,0.947082152041167,-0.10242529525422872,0.01477434354907059,0.20948561230387075,0.08575743980451678
1.5,0.3,0.2,5,0.3905056998345586,0.07545453360546972,0.937170099024394,-0.10186925035137484,0.013996653055927899,0.19961593702718117,0.08709337807208928
1.5,0.3,0.2,21,0.4009621266254689,0.07858110325228274,0.9300334533340041,-0.1060933672590707,0.013867798452409152,0.17449658055764827,0.08802688131654213
2.0,expanding,0.0,1,0.5194606573449367,0.09941711881287985,0.9069197581335394,-0.1440643391729166,0.029002910151073147,0.27147548982689573,0.10692617674185823
2.0,expanding,0.0,5,0.5190044858625629,0.09702573323848807,0.8799792575332465,-0.14762541206104474,0.02642152579590129,0.2426175143456537,0.10315168001079189
2.0,expanding,0.0,21,0.5191638106956729,0.10298881809279203,0.9198800769472263,-0.15124421677229738,0.029114578933457702,0.25392050403578503,0.09960742161029978
2.0,expanding,0.05,1,0.5186367600113742,0.09463127668015758,0.8616500763198032,-0.14809855364238678,0.024273092185640666,0.2257011950903708,0.10250646399772745
2.0,expanding,0.05,5,0.5156661074121726,0.09569769240721504,0.8771255506782271,-0.14872618921265446,0.025322241277109248,0.2377097774207345,0.1004877310199137
2.0,expanding,0.05,21,0.5189591504105575,0.10272945831605274,0.9233457524809253,-0.15435511218881248,0.028870578805403113,0.2572616788485379,0.09640076699231448
2.0,expanding,0.1,1,0.5222991668959501,0.10009371796877731,0.9149685590065868,-0.1493739924035541,0.029486715871534175,0.2812526602263432,0.10294359920676222
2.0,expanding,0.1,5,0.5220722422027967,0.09617927571548068,0.8776624293727683,-0.1555302295484451,0.02536527558196755,0.24216893015418628,0.09668132890415293
2.0,expanding,0.1,21,0.5239629457227022,0.10342132838592244,0.9147811528080809,-0.15616681540109367,0.02918741942830727,0.2517177911193713,0.09692787789980084
2.0,expanding,0.2,1,0.5365889686558308,0.10056909442365547,0.9048428609725695,-0.14908520963243965,0.02899675779138078,0.27959746479309366,0.10988850834875064
2.0,expanding,0.2,5,0.5233240016833871,0.09911543849139415,0.8992491967328847,-0.13196158225437804,0.02821595060970572,0.264512785126092,0.12083474544268513
2.0,expanding,0.2,21,0.5025874641139408,0.09283358683371956,0.8424466120132512,-0.15471973146942697,0.020209069158223514,0.16612927336177907,0.08834844491611737
2.0,0.2,0.0,1,0.6587765534670728,0.1070852769802757,0.7847770907436007,-0.19596965247026976,0.0276180798865715,0.21959773753090983,0.118254354519291
2.0,0.2,0.0,5,0.6584664482671665,0.10444262866308862,0.7627391390070101,-0.1997786581013753,0.02471036090794776,0.19572417096528416,0.11430885402092239
2.0,0.2,0.0,21,0.658804248031283,0.11171615295964554,0.8152956901032224,-0.20528808636129792,0.027774041340141054,0.21928310960979813,0.10894810966224011
2.0,0.2,0.05,1,0.6592969819899356,0.10313993024900858,0.754175247298433,-0.20571149115714282,0.023640492785876432,0.18921431515266895,0.10874154374061862
2.0,0.2,0.05,5,0.6575638198834227,0.10304047614688039,0.7545429493625575,-0.20197507657080926,0.02336457795345348,0.18714864091004246,0.11171503085062229
2.0,0.2,0.05,21,0.6594185060273525,0.11075363685517048,0.8112846868435802,-0.211994725458568,0.026769070742638235,0.21552785069694258,0.10251178159571328
2.0,0.2,0.1,1,0.658329406503121,0.10556829007917057,0.7696076479289493,-0.20965721428906803,0.0261288030337381,0.20424042345113425,0.10436997201002762
2.0,0.2,0.1,5,0.6632334006158228,0.10401232232932456,0.755961181347572,-0.20576660264833846,0.023982945907786046,0.1909367768725988,0.11041704324545276
2.0,0.2,0.1,21,0.6654030365707876,0.10945100448077683,0.7890175185993259,-0.21757116668661236,0.025053664079346394,0.19573381113677124,0.09956504892841345
2.0,0.2,0.2,1,0.6564996318934123,0.11395777336803614,0.8340258539298143,-0.19122612614533263,0.03463176984416938,0.2678878465320157,0.12199524164775633
2.0,0.2,0.2,5,0.6604954704398446,0.10901375242278522,0.7954495507209084,-0.19782352179893703,0.029154901066785532,0.2292844733722479,0.11715673770406898
2.0,0.2,0.2,21,0.6539974055514545,0.10922788769297842,0.7903318343422844,-0.21535329895962319,0.025618559965644883,0.19230550900213517,0.09676504956774168
2.0,0.25,0.0,1,0.42228418918348953,0.08153624060626274,0.9304629003402477,-0.11790568866222617,0.017929115644907068,0.22419612159917102,0.0866610512896493
2.0,0.25,0.0,5,0.42183593490251325,0.07941544059014505,0.9029870781723605,-0.1135955800705768,0.015663257832917665,0.19475561758529358,0.09075251524232564
2.0,0.25,0.0,21,0.42241265919466175,0.08408470493038456,0.9540240636697187,-0.10952771930425753,0.01766602535781936,0.2179773651192628,0.09510167667952718
2.0,0.25,0.05,1,0.42289049203789436,0.0777851003492902,0.8877280536987184,-0.1319088969442639,0.014134265211418695,0.18198993980154454,0.07295351256256766
2.0,0.25,0.05,5,0.4221644068996645,0.07734474900512223,0.8839779462699364,-0.12531524985885978,0.013568730790098682,0.17603334127404358,0.0791930680632914
2.0,0.25,0.05,21,0.4208309964619931,0.08568446624674664,0.9778481443264456,-0.10855119457295592,0.019390887172886284,0.240424804739792,0.09530657121829889
2.0,0.25,0.1,1,0.42818434645142084,0.08085739932602043,0.9193569596113954,-0.12442884739203786,0.01682557257712758,0.2181785991164591,0.08301192460417317
2.0,0.25,0.1,5,0.42613421505597704,0.08018449495116742,0.9089897514482582,-0.1261888554459617,0.0161207680523745,0.20448107286343098,0.08025409276679407
2.0,0.25,0.1,21,0.43208484420383036,0.08542639135761587,0.9453910431855232,-0.1353577414595185,0.018244938498593433,0.2175684662603864,0.07397904673476108
2.0,0.25,0.2,1,0.4217675443010971,0.07827159284668572,0.8951238944254053,-0.11038008213520523,0.014701726571764606,0.18840556786394902,0.09393465068275897
2.0,0.25,0.2,5,0.42192684892087884,0.0781116524316583,0.8897615303315682,-0.11008633588605898,0.014352872075476864,0.1816095047589732,0.09430610785590943
2.0,0.25,0.2,21,0.43135477870012495,0.08213129867015811,0.9050692284474595,-0.1142403250393802,0.015007286135935827,0.1766372558114404,0.09474182082349103
2.0,0.3,0.0,1,0.2934899020999988,0.06651333286386185,1.0906796443001288,-0.07709832431012742,0.012540076792697308,0.22829648107915668,0.06291335054741554
2.0,0.3,0.0,5,0.29308088845663366,0.06487062219431383,1.0597005971434508,-0.07338017756984205,0.010808840060814617,0.19518570095405452,0.06642088829519965
2.0,0.3,0.0,21,0.29362279114548195,0.068080081496392,1.108871671154965,-0.06811058401654524,0.012182560257764985,0.21763116608037303,0.07196951025304466
2.0,0.3,0.05,1,0.295860341108233,0.0644996285136552,1.048568648392118,-0.08736540165086315,0.010342833780089933,0.19018579476057917,0.053866152250660604
2.0,0.3,0.05,5,0.29753819479871246,0.06390456367611597,1.0367429392531453,-0.0830937615035856,0.009495811655451769,0.17971355482454543,0.05900052492929431
2.0,0.3,0.05,21,0.29484323950464597,0.06725666106150241,1.0932820374583108,-0.09094788272554832,0.011256282180201138,0.20409728469938682,0.0497603961447306
2.0,0.3,0.1,1,0.3032822439044546,0.06691558671986253,1.067404251733902,-0.07772071244988721,0.012185629098114159,0.2211657032590556,0.06732253584078618
2.0,0.3,0.1,5,0.2957773946735063,0.06535565187775139,1.0557546062215077,-0.08138379967871356,0.011083867816397586,0.1957935469861527,0.05980508851395938
2.0,0.3,0.1,21,0.29789724545987484,0.06969735962078993,1.096337255196281,-0.08963006428389675,0.013439856163995678,0.21222713827061723,0.05264876348725944
2.0,0.3,0.2,1,0.27476825895998636,0.05286374499986102,0.89027519613504,-0.12266045417722116,0.00034821479595392724,-0.005986018010005201,0.007953996814568098
2.0,0.3,0.2,5,0.27939173415757185,0.052717233561341725,0.8733549760520048,-0.1250825007086932,-0.00027382570412304297,-0.015554922794768444,0.0077261753078121664
2.0,0.3,0.2,21,0.2924465122815469,0.05493674856246811,0.8560063600422233,-0.13038105705287573,-0.0008615808649408141,-0.03723080974350468,0.009093285410854635
3.0,expanding,0.0,1,0.3467047964593894,0.07771180236379394,1.0592792713343102,-0.08780623875791771,0.019674230866273845,0.2743030538249268,0.07930248391857242
3.0,expanding,0.0,5,0.3462808560876677,0.07578414047668591,1.0265531831336654,-0.08789782335213259,0.017634738907231107,0.2395451877371727,0.0789974049695914
3.0,expanding,0.0,21,0.34661872089158674,0.07968297007675873,1.0617504253329315,-0.08729573639291077,0.019374401946199882,0.247206556849367,0.07976964211127346
3.0,expanding,0.05,1,0.34508739529090154,0.07575846877915704,1.040911160432123,-0.08850236526478572,0.01784269496510804,0.25391001297583415,0.07779163779899423
3.0,expanding,0.05,5,0.3463233779089415,0.07344920660846199,1.0023005081134777,-0.09204191336458645,0.015296584812777736,0.21534558679722227,0.07487473045858106
3.0,expanding,0.05,21,0.3476094333037592,0.08042476424938338,1.0727777358246395,-0.08924051460110793,0.020034818252102404,0.25945986198639137,0.07832365184793821
3.0,expanding,0.1,1,0.3453915056974633,0.07907107034018623,1.0896448056151964,-0.08410468930612813,0.02113238731349032,0.30302572623523594,0.08234254291064413
3.0,expanding,0.1,5,0.3492419499447539,0.07636279914741029,1.026548589594518,-0.0864955133746318,0.017989330254603253,0.2432080927656507,0.08189011373496491
3.0,expanding,0.1,21,0.35708046432240353,0.07860828071356418,1.0358718430644918,-0.10067067714507849,0.017442390550169273,0.23395787240888666,0.07165134776504434
3.0,expanding,0.2,1,0.32618312919741005,0.07293842723148769,0.9947997536291077,-0.10820339181385796,0.016454296946944336,0.18276047142723983,0.04852704400700425
3.0,expanding,0.2,5,0.3166356229210684,0.07232780799553118,1.0077036046226897,-0.10845046265265024,0.01644174334238757,0.18050029517734933,0.0434211018282199
3.0,expanding,0.2,21,0.3547179250802966,0.0770001624021639,0.963441795000503,-0.11262226006251774,0.016027489298992448,0.15873552988203588,0.0585146941661
3.0,0.2,0.0,1,0.4398331916314103,0.08352398199903588,0.9152674578585909,-0.123393546180952,0.018657965609026883,0.22378161343442715,0.08970034737313581
3.0,0.2,0.0,5,0.4393859258360535,0.08134928354165827,0.8882329734188854,-0.11902768055764701,0.016329956423004166,0.1947968947914538,0.09384967517054044
3.0,0.2,0.0,21,0.43995823326978073,0.0862182841905399,0.9394726635100221,-0.11604306325277014,0.01841876346346938,0.21810887646018007,0.0971113601692265
3.0,0.2,0.05,1,0.4394562464857247,0.07972878542646056,0.8750568278820948,-0.13785905384662345,0.01488967291038601,0.1832644060543065,0.0750523494322527
3.0,0.2,0.05,5,0.4372477760598145,0.07944309593072041,0.8749227218588659,-0.13118565161645368,0.014577453006181962,0.17973999066403834,0.08065597620493536
3.0,0.2,0.05,21,0.44037205967395543,0.08795897554752341,0.9611610582231876,-0.11809547341072524,0.020127039860384333,0.24013113104451256,0.09525925111824629
3.0,0.2,0.1,1,0.4453295729001038,0.08369711511871092,0.9127775622282385,-0.13013623049006318,0.018439485030760094,0.22571045286521596,0.08561529169489113
3.0,0.2,0.1,5,0.44506302361618777,0.08169016640495075,0.8908419751662631,-0.13197482434931762,0.016263721649010465,0.20197219528139687,0.08364795884301268
3.0,0.2,0.1,21,0.44325234261735186,0.08636299505711387,0.928069305724992,-0.1414673106112314,0.01830564316403227,0.2093479432930383,0.07328055504931352
3.0,0.2,0.2,1,0.43877231861972776,0.08010093075429459,0.8809701886264731,-0.11482568959731287,0.015310647849333447,0.18862033703958203,0.0977545290802645
3.0,0.2,0.2,5,0.440711754510371,0.0803497483193032,0.8807784394061612,-0.11465610302319285,0.015235221248882214,0.1884179735569591,0.0988630148724875
3.0,0.2,0.2,21,0.4464383320455308,0.08308806164163718,0.8825784534904978,-0.11875025844695541,0.014781767645532184,0.16638028847338093,0.09753661924973123
3.0,0.25,0.0,1,0.28177194169480013,0.0651088376031812,1.111904530964449,-0.07333504677829195,0.012046287350013118,0.22881534124717928,0.060628616385035805
3.0,0.25,0.0,5,0.2813706260320597,0.06351689308101327,1.0805724269418344,-0.06973022202506118,0.010370573983392362,0.1953277257115148,0.0640257873915796
3.0,0.25,0.0,21,0.2819033903628685,0.06659422738831755,1.1295259746157214,-0.06462425413607575,0.011687449048624954,0.2176905149912005,0.06940741731052891
3.0,0.25,0.05,1,0.2829369930803202,0.06396108365310349,1.0840848886047296,-0.08324516643477975,0.010807733516730034,0.20312689010017726,0.051321136098010034
3.0,0.25,0.05,5,0.2835554571872754,0.063749660561353,1.0763374900754972,-0.07911139619547758,0.01043211124964416,0.19508314533559035,0.05577469721392536
3.0,0.25,0.05,21,0.286207467342107,0.06612508390199245,1.1151733088454174,-0.08666737825058735,0.010853803216529956,0.2110868470355407,0.049589065937027166
3.0,0.25,0.1,1,0.2911321583517624,0.06550153448765128,1.0913178486877624,-0.07405345940816244,0.011711064222034384,0.22489495553384342,0.0647436755902231
3.0,0.25,0.1,5,0.28670763115582254,0.06281305362975487,1.0647185648459636,-0.07748072119203353,0.009248807551110572,0.1891199193795623,0.05903399920504848
3.0,0.25,0.1,21,0.28936502449222473,0.06557799953823085,1.0801520797634407,-0.08539138839855365,0.010039785895497255,0.18161165090512188,0.052494665259328666
3.0,0.25,0.2,1,0.26420022226260387,0.05199198285669593,0.9104551174876491,-0.11792061431013934,0.0003056863456194492,-0.006934590991794498,0.007662093416154536
3.0,0.25,0.2,5,0.26871049313159345,0.051848261652625904,0.8929562944586042,-0.12029183910629715,-0.0003019887370092622,-0.016619543578095586,0.007441119427772147
3.0,0.25,0.2,21,0.28148002935941996,0.05398761604161817,0.8736129937554212,-0.12547317440513706,-0.0008832686475896967,-0.03899679919905863,0.008339447274117395
3.0,0.3,0.0,1,0.19578855937663267,0.05461310272273323,1.340892095765008,-0.04671321926923466,0.008405482730472924,0.23425011449810218,0.04574146192078987
3.0,0.3,0.0,5,0.19546527411929063,0.053430400204338646,1.3065911731597355,-0.04528397218871527,0.007171703023830744,0.19752213681213426,0.04701185319840706
3.0,0.3,0.0,21,0.1958998115600037,0.055543306883550914,1.353470397054029,-0.04325583262504551,0.00807511346129175,0.21919024215525407,0.04925351056527283
3.0,0.3,0.05,1,0.19828112401185277,0.0556838124767971,1.3664905115582948,-0.05116488774555816,0.009273226212075603,0.26895566617107214,0.042513854500592196
3.0,0.3,0.05,5,0.19821974261503297,0.0537182318045315,1.30784689032036,-0.05068981669044326,0.007234019458589591,0.20885279379044697,0.04295879768562472
3.0,0.3,0.05,21,0.20039448641906443,0.05512043191458771,1.3145292786209786,-0.05401572809686184,0.007256206926858466,0.19642982985139046,0.040699836618601104
3.0,0.3,0.1,1,0.20072412936437906,0.054209565193252374,1.295757517521213,-0.05116488774555805,0.007600293341894604,0.20693507863406824,0.043712316695386
3.0,0.3,0.1,5,0.20755110910563832,0.05459763500953452,1.2686602816861112,-0.050689816690444256,0.007351731176771903,0.20186240863732152,0.04752988198531449
3.0,0.3,0.1,21,0.19762004244726564,0.05222319651858642,1.2425742617698154,-0.07851839282344197,0.004603336990380624,0.11457155673917585,0.014835828871310963
3.0,0.3,0.2,1,0.14542824922532838,0.046029534881187883,1.3488330704040983,-0.05574552533580601,0.003976642067977654,-0.006908491850516896,0.011736815160630076
3.0,0.3,0.2,5,0.14223773858918812,0.046862332032372,1.3891868466493729,-0.053593345483721966,0.005021814141130898,0.010831164821133887,0.012297053743352548
3.0,0.3,0.2,21,0.18529619333383976,0.04934425836669276,1.1873708917871353,-0.07851839282344175,0.002813526099404884,0.011889020925579308,0.008769368528087962
4.0,expanding,0.0,1,0.26019263519315655,0.06625670540360296,1.201563574270241,-0.060807333211326586,0.014886069610356989,0.2757347423858344,0.06286129326296874
4.0,expanding,0.0,5,0.25982767028731424,0.06468370419278036,1.1653647768258697,-0.06140251773647942,0.013236263430540518,0.23737399479211052,0.06209163325696421
4.0,expanding,0.0,21,0.26017047711942254,0.06756835053098031,1.1967765101315269,-0.06269531923386629,0.01451342921202703,0.2421056449515392,0.06096271510616935
4.0,expanding,0.05,1,0.2595163889890576,0.06445722822233169,1.175010999119021,-0.062107516435762844,0.013139922536772097,0.2477336313096734,0.06123780160260739
4.0,expanding,0.05,5,0.2628180849429758,0.06432834363902806,1.1533902935737643,-0.061057918084291396,0.012643939469241694,0.2317313601072164,0.06386503145232014
4.0,expanding,0.05,21,0.26144705500088944,0.06759626631775939,1.1923987144606456,-0.07585082049509484,0.014432045195224452,0.24043130934920476,0.048417287595349356
4.0,expanding,0.1,1,0.2650843275813249,0.06767987921913332,1.2110344195997043,-0.05706314310782756,0.015924034306745494,0.29547369184911154,0.06894138461952404
4.0,expanding,0.1,5,0.25982633305491454,0.061927797098164206,1.0850084068288854,-0.08098473484254198,0.010480462381591726,0.15701476226728017,0.04250877682221321
4.0,expanding,0.1,21,0.2559697729965287,0.06526707873613735,1.1432606018503937,-0.0741192929072938,0.012572279055437896,0.17951194290297956,0.04752888229005203
4.0,expanding,0.2,1,0.2865803427686933,0.05406191254650339,0.8717158780244493,-0.12732155191238792,0.0006249740006962767,-0.002683265861428752,0.009127443987872352
4.0,expanding,0.2,5,0.27957327150782246,0.059178709348076675,0.957058816526385,-0.1297908689643983,0.006173400318506328,0.0684871985116311,0.0031038731404228193
4.0,expanding,0.2,21,0.2993887691504185,0.06208747607440568,0.9285110700084711,-0.13562943861202348,0.0057045338928709555,0.04684386514809935,0.007415692582158129
4.0,0.2,0.0,1,0.33009811374731407,0.07086083504823182,1.0335131060725702,-0.08879505880855154,0.014078999070231024,0.22687688637067382,0.0699221698592527
4.0,0.2,0.0,5,0.3296695274165736,0.06906735103362971,1.0035904978092534,-0.0848366223996373,0.012181691012008944,0.19488490116160817,0.07366326413128299
4.0,0.2,0.0,21,0.33023350383047556,0.0726904998665241,1.0533785391567516,-0.07898377247249522,0.013733602219464291,0.21757497568938122,0.0798021062996076
4.0,0.2,0.05,1,0.3284176170875336,0.06782914578648347,0.9882300037571838,-0.10015610131702346,0.011175021244253847,0.1792891782500916,0.05770870058780886
4.0,0.2,0.05,5,0.33216889098429464,0.0669369193751479,0.9703191829752315,-0.09546452009033357,0.009860382922337818,0.16500639030130193,0.0643022794615633
4.0,0.2,0.05,21,0.329041181094608,0.07477930345695949,1.0921056084533012,-0.07571010962070679,0.015921189179993078,0.2546785471456965,0.08247106318056252
4.0,0.2,0.1,1,0.33037112532209784,0.07262316675191527,1.0673551800455108,-0.08947622919239706,0.01582059399137048,0.261091310455011,0.06937942714102074
4.0,0.2,0.1,5,0.3321025815282124,0.06984430833795607,1.0157085293873351,-0.09352927858254134,0.012772832592911731,0.21030633506790042,0.06620392620677173
4.0,0.2,0.1,21,0.3390739149723424,0.07463732682814173,1.0472479594376636,-0.10278764863015089,0.014949802016493985,0.22315090657715742,0.060472381255073926
4.0,0.2,0.2,1,0.3075886221645805,0.05555799586137189,0.8362497004709495,-0.13788410668647488,0.0004965184350329555,-0.0031948721926697843,0.009365386254168495
4.0,0.2,0.2,5,0.31253175683024575,0.055403882288061146,0.8209264302817743,-0.14068044240678623,-0.0001659928547674827,-0.012398188184779224,0.009096638350058472
4.0,0.2,0.2,21,0.3263668703033594,0.057869287288438986,0.8090202402872665,-0.14676777326842694,-0.0007670523018723507,-0.032088307483795986,0.010055981079027831
4.0,0.25,0.0,1,0.2114288513172125,0.05654703940667205,1.285920982156211,-0.05094908464618131,0.009070033996463334,0.23296506958071594,0.04916483162972263
4.0,0.25,0.0,5,0.2110885278470787,0.055285046711522456,1.2522275520398007,-0.04942573389045546,0.007751319371011256,0.1969117340792268,0.050522064940490385
4.0,0.25,0.0,21,0.2115450490753015,0.05757263641459054,1.2995688979701103,-0.046923403132685504,0.00872937293676479,0.21872017930968712,0.05324722564637707
4.0,0.25,0.05,1,0.21133846832004913,0.05564029012101246,1.2730543023159637,-0.05536644313286021,0.00817059169656198,0.21981032717537663,0.04470335807679582
4.0,0.25,0.05,5,0.21318030012093248,0.05603000368992683,1.2570826560007158,-0.05497437576963826,0.00832631800886019,0.2083825605326306,0.0459940700756023
4.0,0.25,0.05,21,0.21573700077394098,0.05938482117212884,1.3156280924036954,-0.06077355513956095,0.010174771288371076,0.24781565905531333,0.04144115618417299
4.0,0.25,0.1,1,0.21511151973618722,0.05499904839975622,1.2280364795015941,-0.05536644313286021,0.007224601931656416,0.18661812543586542,0.04654350258758633
4.0,0.25,0.1,5,0.2166398588755286,0.055817301191228186,1.2362159611228016,-0.05486457233985054,0.007832914225120557,0.1981857575045689,0.047789913182839094
4.0,0.25,0.1,21,0.21921619405636447,0.05886060759353606,1.2767391413290148,-0.05627686884625194,0.009346665413641597,0.21937931331863147,0.04763159595813504
4.0,0.25,0.2,1,0.15686853920067773,0.04725704115539875,1.2857157937143482,-0.06060778405301703,0.004251318704775908,0.00032617193371065056,0.012565337248244601
4.0,0.25,0.2,5,0.1534554915152006,0.04814030903604771,1.3249726977331622,-0.05831910619696934,0.0053591409553910285,0.01860833245550131,0.013159109050781104
4.0,0.25,0.2,21,0.19975332420451306,0.05080764575040009,1.1355801368767007,-0.0850789448509528,0.0029998655346532566,0.015215883458951529,0.009322162271557355
4.0,0.3,0.0,1,0.14689185878848454,0.04849638467026174,1.5860407845065534,-0.0333965486789255,0.006321297377722468,0.23990129722338804,0.03481536403579599
4.0,0.3,0.0,5,0.14663010801214352,0.0475755273837144,1.5494742378168116,-0.033174880449598265,0.005366089335480995,0.20059938483179018,0.034906589024177204
4.0,0.3,0.0,21,0.14698394845887408,0.049144749621361505,1.5944530910438124,-0.0317701235778024,0.006038088414093368,0.22176246701837132,0.03648767852843304
4.0,0.3,0.05,1,0.14931360732722782,0.04943491789087395,1.5762252918144628,-0.037918323343699045,0.007057832316395007,0.2455665015123012,0.031499786505002736
4.0,0.3,0.05,5,0.15164416338776734,0.047790316839049884,1.5203842575784847,-0.03753730490923124,0.005160692155194546,0.2031056123714705,0.03304042571887156
4.0,0.3,0.05,21,0.15058592552916636,0.049415613360884514,1.5440382051328587,-0.038610930654270015,0.005984578443989141,0.1940838153384794,0.03144039033438284
4.0,0.3,0.1,1,0.14025332538844934,0.04160869512383192,1.3690689805747052,-0.060717689104825556,-1.1459014449544114e-05,-0.022205962484808328,0.004181490094940954
4.0,0.3,0.1,5,0.14305602242959517,0.04151165476374108,1.3397279703773823,-0.06224387990715796,-0.00039765058657526,-0.03300030537561072,0.004055014345448749
4.0,0.3,0.1,21,0.1512143903451688,0.042673107135303034,1.2778137888389818,-0.06561647342194743,-0.0008144716745002167,-0.06828295373102256,0.004747499163139879
4.0,0.3,0.2,1,0.10950387740420332,0.04210935910606062,1.6307335309089195,-0.04038336566046774,0.003082760154905051,-0.039956074134410935,0.009050576215774653
4.0,0.3,0.2,5,0.10704040696060668,0.042770705886334026,1.6754611139772897,-0.03869036188892472,0.003914440849924095,-0.02522890763567731,0.009495955989939353
4.0,0.3,0.2,21,0.10358039257794392,0.04626345193654946,1.7725507511057805,-0.03614843730440631,0.007105332228758865,0.0034433678044758498,0.010283383782997202
