exec,signal,close,pe,y10,erp,vol,before,after
2013-01-04,2012-12-31,2759.37,11.06,3.5738,5.467791320072333,20.809407286650703,77.95031845087402,63.13388498838691
2013-07-01,2013-06-28,2453.76,9.051,3.5125,7.536002927853275,21.69068350150012,60.26056602591948,80.08747252859355
2013-10-08,2013-09-30,2735.87,9.424,3.9954,6.615805432937181,21.847868422717323,81.74092252018214,69.30021555299409
2014-02-07,2014-01-30,2479.07,8.487,4.5019,7.280826522917402,21.269269692154726,67.07198434280781,80.47213645616466
2014-05-05,2014-04-30,2418.45,8.104,4.3002,8.039385389930901,21.032538513518112,80.0372062588799,90.86768564061748
2014-12-01,2014-11-28,3246.62,10.0,3.5249,6.4751,20.001186138295527,93.00639492854586,80.92915039889583
2015-01-05,2014-12-31,4192.99,12.98,3.6219,4.082260246533127,20.804897860863026,84.55379034751599,47.15627764918457
2015-04-01,2015-03-31,4749.44,14.71,3.6483,3.1497965329707682,21.451567291809322,50.19216197257994,34.22429012752043
2015-05-04,2015-04-30,5518.49,17.04,3.3503,2.518244600938967,21.54034571124099,37.6430326255017,27.137046411675435
2015-09-01,2015-08-31,3927.61,12.13,3.3252,4.918823083264632,26.19705254169415,20.861295843003845,35.83656247878353
2016-03-01,2016-02-29,3427.69,10.84,2.8502,6.374892250922509,27.250356266855803,32.6920064006224,42.923831753841455
2016-09-01,2016-08-31,3944.51,13.27,2.7425,4.793295026375283,26.321763876647776,46.330680123228646,34.59188170363253
2017-11-01,2017-10-31,4876.69,14.22,3.8917,3.140648804500703,24.057941294669448,39.231865508055265,27.131415846855518
2018-05-02,2018-04-27,4593.99,12.92,3.6364,4.1035380804953565,23.610729033630506,25.80479725526329,36.80524204407024
2018-09-03,2018-08-31,4138.02,11.22,3.5751,5.337555971479501,23.463560931359755,34.32583163534986,48.47575704592833
2019-01-02,2018-12-28,3704.62,10.26,3.2315,6.515088693957116,23.530398624263857,45.6647804907737,58.8344594491701
2019-03-01,2019-02-28,4679.15,12.25,3.1731,4.9901653061224485,23.549201307958644,64.3364299389164,44.99171752402816
2020-04-01,2020-03-31,4689.83,11.02,2.5899,6.484510163339382,23.374399648597613,44.86374683378075,59.34255612253773
2020-07-01,2020-06-30,5478.56,12.7,2.823,5.051015748031496,23.173200303933577,63.01211899151015,47.030185931049026
2020-08-03,2020-07-31,6197.8,14.01,2.9664,4.171358743754461,23.34675745500524,50.09032115162917,38.26435550133387
2021-01-04,2020-12-31,6863.92,16.12,3.1429,3.060573945409429,23.079470512964406,40.59844442739969,28.729045624384746
2021-08-02,2021-07-30,6519.61,13.52,2.8363,4.560149704142012,22.97170198075086,27.55394556131328,43.207860068400116
2022-04-01,2022-03-31,5670.87,12.35,2.7878,5.309365991902834,22.69766601747413,39.70646835409964,51.52882807362753
2022-10-10,2022-09-30,5035.62,11.22,2.7601,6.152555971479501,22.5334828417828,48.51569986152092,60.585532885683634
2024-02-01,2024-01-31,4475.37,10.71,2.433,6.9040681605975704,21.869481422129198,57.79549327112532,72.17687997265247
2024-05-06,2024-04-30,5093.66,12.09,2.3028,5.968498593879239,21.769452323279946,74.72769580535198,62.97092804795674
2024-09-02,2024-08-30,4660.41,11.31,2.1704,6.6713329796640135,21.55207953755594,60.94564007990274,71.81319676279814
2024-10-08,2024-09-30,6081.45,13.32,2.1518,5.355707507507508,21.739380407090884,76.89156586614683,56.662082338398264
2025-02-05,2025-01-27,5454.12,12.5,1.6299,6.370100000000001,21.838086646345293,54.05912300941221,66.78625399988806
2025-09-01,2025-08-29,6631.78,14.21,1.8379,5.199397677691766,21.589696500607193,71.15106776705909,55.77376541835923
